Name,Category,CA,Co,CC,CBC,CG,HPC,Dif,FA,WD
123469,CG,0.0,0.0,0.0,0.0,1.0,0.0,0.0,0.0,0.0
129608,CG,0.0,0.0,0.0,0.0,1.0,0.0,0.0,0.0,0.0
130155,CG,0.0,0.0,0.0,0.0,1.0,0.0,0.0,0.0,0.0
135964,CG,0.0,0.0,0.0,0.0,1.0,0.0,0.0,0.0,0.0
137572,CG,0.0,0.0,0.0,0.0,1.0,0.0,0.0,0.0,0.0
137577,CG,0.0,0.0,0.0,0.0,1.0,0.0,0.0,0.0,0.0
139302,CG,0.0,0.0,0.0,0.0,1.0,0.0,0.0,0.0,0.0
144852,CG,0.0,0.0,0.0,0.0,1.0,0.0,0.0,0.0,0.0
145760,CG,0.0,0.0,0.0,0.0,1.0,0.0,0.0,0.0,0.0
146562,CG,0.0,0.0,0.0,0.0,1.0,0.0,0.0,0.0,0.0
157849,CG,0.0,0.0,0.0,0.0,1.0,0.0,0.0,0.0,0.0
15785,CG,0.0,0.0,0.0,0.0,1.0,0.0,0.0,0.0,0.0
158049,CG,0.0,0.0,0.0,0.0,1.0,0.0,0.0,0.0,0.0
159132,CG,0.0,0.0,0.0,0.0,1.0,0.0,0.0,0.0,0.0
159816,CG,0.0,0.0,0.0,0.0,1.0,0.0,0.0,0.0,0.0
159872,CG,0.0,0.0,0.0,0.0,1.0,0.0,0.0,0.0,0.0
162118,CG,0.0,0.0,0.0,0.0,1.0,0.0,0.0,0.0,0.0
16561,CG,0.0,0.0,0.0,0.0,1.0,0.0,0.0,0.0,0.0
169433,CG,0.0,0.0,0.0,0.0,1.0,0.0,0.0,0.0,0.0
17120,CG,0.0,0.0,0.0,0.0,1.0,0.0,0.0,0.0,0.0
174218,CG,0.0,0.0,0.0,0.0,1.0,0.0,0.0,0.0,0.0
17516,CG,0.0,0.0,0.0,0.0,1.0,0.0,0.0,0.0,0.0
180626,CG,0.0,0.0,0.0,0.0,1.0,0.0,0.0,0.0,0.0
188260,CA,1.0,0.0,0.0,0.0,0.0,0.0,0.0,0.0,0.0
18961,CG,0.0,0.0,0.0,0.0,1.0,0.0,0.0,0.0,0.0
21983,CG,0.0,0.0,0.0,0.0,1.0,0.0,0.0,0.0,0.0
286679,CG,0.0,0.0,0.0,0.0,1.0,0.0,0.0,0.0,0.0
316359,CG,0.0,0.0,0.0,0.0,1.0,0.0,0.0,0.0,0.0
316980,CA,0.99998105,0.0,0.0,0.0,1.8939016e-05,0.0,0.0,0.0,0.0
320605,CG,0.0,0.0,0.0,0.0,1.0,0.0,0.0,0.0,0.0
34508,CG,0.0,0.0,0.0,0.0,1.0,0.0,0.0,0.0,0.0
358865,CG,0.0,0.0,0.0,0.0,1.0,0.0,0.0,0.0,0.0
360524,CG,0.0,0.0,0.0,0.0,1.0,0.0,0.0,0.0,0.0
362535,CG,0.0,0.0,0.0,0.0,1.0,0.0,0.0,0.0,0.0
366856,CG,0.0,0.0,0.0,0.0,1.0,0.0,0.0,0.0,0.0
376318,CG,0.0,0.0,0.0,0.0,1.0,0.0,0.0,0.0,0.0
510446,CG,0.0,0.0,0.0,0.0,1.0,0.0,0.0,0.0,0.0
549515,CG,0.0,0.0,0.0,0.0,1.0,0.0,0.0,0.0,0.0
571712,CG,0.0,0.0,0.0,0.0,1.0,0.0,0.0,0.0,0.0
579142,CG,0.0,0.0,0.0,0.0,1.0,0.0,0.0,0.0,0.0
60252,CG,0.0,0.0,0.0,0.0,1.0,0.0,0.0,0.0,0.0
744889,CG,0.0,0.0,0.0,0.0,1.0,0.0,0.0,0.0,0.0
781956,CG,0.0,0.0,0.0,0.0,1.0,0.0,0.0,0.0,0.0
782076,CG,0.0,0.0,0.0,0.0,1.0,0.0,0.0,0.0,0.0
784720,CG,0.0,0.0,0.0,0.0,1.0,0.0,0.0,0.0,0.0
786533,CG,0.0,0.0,0.0,0.0,1.0,0.0,0.0,0.0,0.0
789947,CG,0.0,0.0,0.0,0.0,1.0,0.0,0.0,0.0,0.0
791899,CG,0.0,0.0,0.0,0.0,1.0,0.0,0.0,0.0,0.0
810248,CG,0.0,0.0,0.0,0.0,1.0,0.0,0.0,0.0,0.0
865538,CG,0.0,0.0,0.0,0.0,1.0,0.0,0.0,0.0,0.0
8703,CG,0.0,0.0,0.0,0.0,1.0,0.0,0.0,0.0,0.0
870986,CG,0.0,0.0,0.0,0.0,1.0,0.0,0.0,0.0,0.0
872150,CG,0.0,0.0,0.0,0.0,1.0,0.0,0.0,0.0,0.0
877579,CG,0.0,0.0,0.0,0.0,1.0,0.0,0.0,0.0,0.0
878669,CG,0.0,0.0,0.0,0.0,1.0,0.0,0.0,0.0,0.0
881180,CG,0.0,0.0,0.0,0.0,1.0,0.0,0.0,0.0,0.0
883070,CG,0.0,0.0,0.0,0.0,1.0,0.0,0.0,0.0,0.0
885801,CG,0.0,0.0,0.0,0.0,1.0,0.0,0.0,0.0,0.0
889213,CG,0.0,0.0,0.0,0.0,1.0,0.0,0.0,0.0,0.0
889486,CG,0.0,0.0,0.0,0.0,1.0,0.0,0.0,0.0,0.0
CA289,CBC,0.0,0.0,0.0,1.0,0.0,0.0,0.0,0.0,0.0
ez (1),CG,0.0,0.0,0.0,0.0,1.0,0.0,0.0,0.0,0.0
ez (10),CG,0.0,0.0,0.0,0.0,1.0,0.0,0.0,0.0,0.0
ez (11),CG,0.0,0.0,0.0,0.0,1.0,0.0,0.0,0.0,0.0
ez (12),CG,0.0,0.0,0.0,0.0,1.0,0.0,0.0,0.0,0.0
ez (13),CG,0.0,0.0,0.0,0.0,1.0,0.0,0.0,0.0,0.0
ez (14),CG,0.0,0.0,0.0,0.0,1.0,0.0,0.0,0.0,0.0
ez (15),CG,0.0,0.0,0.0,0.0,1.0,0.0,0.0,0.0,0.0
ez (16),CG,0.0,0.0,0.0,0.0,1.0,0.0,0.0,0.0,0.0
ez (17),CG,0.0,0.0,0.0,0.0,1.0,0.0,0.0,0.0,0.0
ez (18),CG,0.0,0.0,0.0,0.0,1.0,0.0,0.0,0.0,0.0
ez (19),CG,0.0,0.0,0.0,0.0,1.0,0.0,0.0,0.0,0.0
ez (2),CA,1.0,0.0,0.0,0.0,0.0,0.0,0.0,0.0,0.0
ez (20),CG,0.0,0.0,0.0,0.0,1.0,0.0,0.0,0.0,0.0
ez (21),CG,0.0,0.0,0.0,0.0,1.0,0.0,0.0,0.0,0.0
ez (22),CG,1.2753603e-38,0.0,0.0,0.0,1.0,0.0,0.0,0.0,0.0
ez (23),CG,0.0,0.0,0.0,0.0,1.0,0.0,0.0,0.0,0.0
ez (24),CG,0.0,0.0,0.0,0.0,1.0,0.0,0.0,0.0,0.0
ez (25),CG,0.0,0.0,0.0,0.0,1.0,0.0,0.0,0.0,0.0
ez (26),CG,0.0,0.0,0.0,0.0,1.0,0.0,0.0,0.0,0.0
ez (27),CG,0.0,0.0,0.0,0.0,1.0,0.0,0.0,0.0,0.0
ez (28),CG,0.0,0.0,0.0,0.0,1.0,0.0,0.0,0.0,0.0
ez (29),CG,0.0,0.0,0.0,0.0,1.0,0.0,0.0,0.0,0.0
ez (3),CG,0.0,0.0,0.0,0.0,1.0,0.0,0.0,0.0,0.0
ez (30),CG,0.0,0.0,0.0,0.0,1.0,0.0,0.0,0.0,0.0
ez (31),CG,0.0,0.0,0.0,0.0,1.0,0.0,0.0,0.0,0.0
ez (32),CG,0.0,0.0,0.0,0.0,1.0,0.0,0.0,0.0,0.0
ez (33),CG,0.0,0.0,0.0,0.0,1.0,0.0,0.0,0.0,0.0
ez (34),CG,0.0,0.0,0.0,0.0,1.0,0.0,0.0,0.0,0.0
ez (35),CG,0.0,0.0,0.0,0.0,1.0,0.0,0.0,0.0,0.0
ez (36),CG,0.0,0.0,0.0,0.0,1.0,0.0,0.0,0.0,0.0
ez (37),CG,0.0,0.0,0.0,0.0,1.0,0.0,0.0,0.0,0.0
ez (38),CG,0.0,0.0,0.0,0.0,1.0,0.0,0.0,0.0,0.0
ez (39),CG,0.0,0.0,0.0,0.0,1.0,0.0,0.0,0.0,0.0
ez (4),CG,0.0,0.0,0.0,0.0,1.0,0.0,0.0,0.0,0.0
ez (40),CG,0.0,0.0,0.0,0.0,1.0,0.0,0.0,0.0,0.0
ez (41),CG,0.0,0.0,0.0,0.0,1.0,0.0,0.0,0.0,0.0
ez (42),CG,0.0,0.0,0.0,0.0,1.0,0.0,0.0,0.0,0.0
ez (43),CG,0.0,0.0,0.0,0.0,1.0,0.0,0.0,0.0,0.0
ez (44),CG,0.0,0.0,0.0,0.0,1.0,0.0,0.0,0.0,0.0
ez (45),CG,0.0,0.0,0.0,0.0,1.0,0.0,0.0,0.0,0.0
ez (46),CG,0.0,0.0,0.0,0.0,1.0,0.0,0.0,0.0,0.0
ez (47),CA,1.0,0.0,0.0,0.0,0.0,0.0,0.0,0.0,0.0
ez (48),CG,0.0,0.0,0.0,0.0,1.0,0.0,0.0,0.0,0.0
ez (49),CG,0.0,0.0,0.0,0.0,1.0,0.0,0.0,0.0,0.0
ez (5),CG,0.0,0.0,0.0,0.0,1.0,0.0,0.0,0.0,0.0
ez (50),CG,0.0,0.0,0.0,0.0,1.0,0.0,0.0,0.0,0.0
ez (51),CA,1.0,0.0,0.0,0.0,0.0,0.0,0.0,0.0,0.0
ez (52),CG,0.0,0.0,0.0,0.0,1.0,0.0,0.0,0.0,0.0
ez (53),CA,1.0,0.0,0.0,0.0,0.0,0.0,0.0,0.0,0.0
ez (54),CG,0.0,0.0,0.0,0.0,1.0,0.0,0.0,0.0,0.0
ez (55),CG,0.0,0.0,0.0,0.0,1.0,0.0,0.0,0.0,0.0
ez (56),CG,0.0,0.0,0.0,0.0,1.0,0.0,0.0,0.0,0.0
ez (57),CG,0.0,0.0,0.0,0.0,1.0,0.0,0.0,0.0,0.0
ez (58),CG,0.0,0.0,0.0,0.0,1.0,0.0,0.0,0.0,0.0
ez (59),CC,0.0,0.0,1.0,0.0,0.0,0.0,0.0,0.0,0.0
ez (6),CG,0.0,0.0,0.0,0.0,1.0,0.0,0.0,0.0,0.0
ez (60),CG,0.0,0.0,0.0,0.0,1.0,0.0,0.0,0.0,0.0
ez (61),CG,0.0,0.0,0.0,0.0,1.0,0.0,0.0,0.0,0.0
ez (7),CG,0.0,0.0,0.0,0.0,1.0,0.0,0.0,0.0,0.0
ez (8),CG,0.0,0.0,0.0,0.0,1.0,0.0,0.0,0.0,0.0
ez (9),CG,0.0,0.0,0.0,0.0,1.0,0.0,0.0,0.0,0.0
fzeff (1),CG,0.0,0.0,0.0,0.0,1.0,0.0,0.0,0.0,0.0
fzeff (10),CBC,0.0,0.0,0.0,1.0,0.0,0.0,0.0,0.0,0.0
fzeff (101),FA,0.0,0.0,0.0,0.0,0.0,0.0,0.0,1.0,0.0
fzeff (102),CG,0.0,0.0,0.0,0.0,1.0,0.0,0.0,0.0,0.0
fzeff (103),CG,0.0,0.0,0.0,0.0,1.0,0.0,0.0,0.0,0.0
fzeff (104),CA,1.0,0.0,0.0,0.0,0.0,0.0,0.0,0.0,0.0
fzeff (105),CG,0.0,0.0,0.0,0.0,1.0,0.0,0.0,0.0,0.0
fzeff (106),CG,0.0,0.0,0.0,0.0,1.0,0.0,0.0,0.0,0.0
fzeff (107),CG,0.0,0.0,0.0,0.0,1.0,0.0,0.0,0.0,0.0
fzeff (108),CA,1.0,0.0,0.0,0.0,0.0,0.0,0.0,0.0,0.0
fzeff (109),CA,1.0,0.0,0.0,0.0,0.0,0.0,0.0,0.0,0.0
fzeff (11),CG,0.0,0.0,0.0,0.0,1.0,0.0,0.0,0.0,0.0
fzeff (110),CG,0.0,0.0,0.0,0.0,1.0,0.0,0.0,0.0,0.0
fzeff (111),CG,0.0,0.0,0.0,0.0,1.0,0.0,0.0,0.0,0.0
fzeff (112),CG,0.0,0.0,0.0,0.0,1.0,0.0,0.0,0.0,0.0
fzeff (113),CG,0.0,0.0,0.0,0.0,1.0,0.0,0.0,0.0,0.0
fzeff (114),CG,0.0,0.0,0.0,0.0,1.0,0.0,0.0,0.0,0.0
fzeff (115),CG,0.0,0.0,0.0,0.0,1.0,0.0,0.0,0.0,0.0
fzeff (116),CA,1.0,0.0,0.0,0.0,7.528954e-24,0.0,0.0,0.0,0.0
fzeff (117),CG,0.0,0.0,0.0,0.0,1.0,0.0,0.0,0.0,0.0
fzeff (118),CG,0.0,0.0,0.0,0.0,1.0,0.0,0.0,0.0,0.0
fzeff (119),CG,0.0,0.0,0.0,0.0,1.0,0.0,0.0,0.0,0.0
fzeff (12),CG,0.0,0.0,0.0,0.0,1.0,0.0,0.0,0.0,0.0
fzeff (120),CG,0.0,0.0,0.0,0.0,1.0,0.0,0.0,0.0,0.0
fzeff (121),CG,0.0,0.0,0.0,0.0,1.0,0.0,0.0,0.0,0.0
fzeff (123),CG,0.0,0.0,0.0,0.0,1.0,0.0,0.0,0.0,0.0
fzeff (124),CG,0.0,0.0,0.0,0.0,1.0,0.0,0.0,0.0,0.0
fzeff (125),CG,0.0,0.0,0.0,0.0,1.0,0.0,0.0,0.0,0.0
fzeff (126),CG,0.0,0.0,0.0,0.0,1.0,0.0,0.0,0.0,0.0
fzeff (127),CG,0.0,0.0,0.0,0.0,1.0,0.0,0.0,0.0,0.0
fzeff (128),CC,0.0,0.0,1.0,0.0,0.0,0.0,0.0,0.0,0.0
fzeff (129),CA,1.0,0.0,0.0,0.0,0.0,0.0,0.0,0.0,0.0
fzeff (13),CG,0.0,0.0,0.0,0.0,1.0,0.0,0.0,0.0,0.0
fzeff (130),CG,0.0,0.0,0.0,0.0,1.0,0.0,0.0,0.0,0.0
fzeff (131),CG,0.0,0.0,0.0,0.0,1.0,0.0,0.0,0.0,0.0
fzeff (132),CG,0.0,0.0,0.0,0.0,1.0,0.0,0.0,0.0,0.0
fzeff (133),CG,0.0,0.0,0.0,0.0,1.0,0.0,0.0,0.0,0.0
fzeff (134),CG,0.0,0.0,0.0,0.0,1.0,0.0,0.0,0.0,0.0
fzeff (135),CG,0.0,0.0,0.0,0.0,1.0,0.0,0.0,0.0,0.0
fzeff (136),CG,0.0,0.0,0.0,0.0,1.0,0.0,0.0,0.0,0.0
fzeff (137),CG,0.0,0.0,0.0,0.0,1.0,0.0,0.0,0.0,0.0
fzeff (138),CC,0.0,0.0,1.0,0.0,0.0,0.0,0.0,0.0,0.0
fzeff (139),CA,1.0,0.0,0.0,0.0,0.0,0.0,0.0,0.0,0.0
fzeff (14),CG,0.0,0.0,0.0,0.0,1.0,0.0,0.0,0.0,0.0
fzeff (140),CG,0.0,0.0,0.0,0.0,1.0,0.0,0.0,0.0,0.0
fzeff (141),CG,0.0,0.0,0.0,0.0,1.0,0.0,0.0,0.0,0.0
fzeff (142),CG,0.0,0.0,0.0,0.0,1.0,0.0,0.0,0.0,0.0
fzeff (143),CG,0.0,0.0,0.0,0.0,1.0,0.0,0.0,0.0,0.0
fzeff (144),CG,0.0,0.0,0.0,0.0,1.0,0.0,0.0,0.0,0.0
fzeff (145),CG,5.012287e-06,0.0,0.0,0.0,0.999995,0.0,0.0,0.0,0.0
fzeff (146),CG,0.0,0.0,0.0,0.0,1.0,0.0,0.0,0.0,0.0
fzeff (147),CG,0.0,0.0,0.0,0.0,1.0,0.0,0.0,0.0,0.0
fzeff (148),CG,0.0,0.0,0.0,0.0,1.0,0.0,0.0,0.0,0.0
fzeff (149),CG,0.0,0.0,0.0,0.0,1.0,0.0,0.0,0.0,0.0
fzeff (15),CG,0.0,0.0,0.0,0.0,1.0,0.0,0.0,0.0,0.0
fzeff (150),CA,1.0,0.0,0.0,0.0,0.0,0.0,0.0,0.0,0.0
fzeff (151),CG,0.0,0.0,0.0,0.0,1.0,0.0,0.0,0.0,0.0
fzeff (152),CA,1.0,0.0,0.0,0.0,0.0,0.0,0.0,0.0,0.0
fzeff (153),CG,0.0,0.0,0.0,0.0,1.0,0.0,0.0,0.0,0.0
fzeff (154),CG,0.0,0.0,0.0,0.0,1.0,0.0,0.0,0.0,0.0
fzeff (155),CG,1.2075881e-08,0.0,0.0,0.0,1.0,0.0,0.0,0.0,0.0
fzeff (156),CG,0.0,0.0,0.0,0.0,1.0,0.0,0.0,0.0,0.0
fzeff (158),CG,0.0,0.0,0.0,0.0,1.0,0.0,0.0,0.0,0.0
fzeff (159),CG,0.0,0.0,0.0,0.0,1.0,0.0,0.0,0.0,0.0
fzeff (16),CG,0.0,0.0,0.0,0.0,1.0,0.0,0.0,0.0,0.0
fzeff (160),CG,0.0,0.0,0.0,0.0,1.0,0.0,0.0,0.0,0.0
fzeff (161),CA,1.0,0.0,0.0,0.0,0.0,0.0,0.0,0.0,0.0
fzeff (162),CG,0.0,0.0,0.0,0.0,1.0,0.0,0.0,0.0,0.0
fzeff (163),CG,0.0,0.0,0.0,0.0,1.0,0.0,0.0,0.0,0.0
fzeff (164),CG,0.0,0.0,0.0,0.0,1.0,0.0,0.0,0.0,0.0
fzeff (165),CG,0.0,0.0,0.0,0.0,1.0,0.0,0.0,0.0,0.0
fzeff (166),CG,0.0,0.0,0.0,0.0,1.0,0.0,0.0,0.0,0.0
fzeff (167),CG,0.0,0.0,0.0,0.0,1.0,0.0,0.0,0.0,0.0
fzeff (168),CG,0.0,0.0,0.0,0.0,1.0,0.0,0.0,0.0,0.0
fzeff (169),CA,1.0,0.0,0.0,0.0,0.0,0.0,0.0,0.0,0.0
fzeff (17),CA,1.0,0.0,0.0,0.0,8.2344654e-25,0.0,0.0,0.0,0.0
fzeff (170),CG,0.0,0.0,0.0,0.0,1.0,0.0,0.0,0.0,0.0
fzeff (171),CG,0.0,0.0,0.0,0.0,1.0,0.0,0.0,0.0,0.0
fzeff (172),CA,1.0,0.0,0.0,0.0,1.3782654e-26,0.0,0.0,0.0,0.0
fzeff (173),CG,0.0,0.0,0.0,0.0,1.0,0.0,0.0,0.0,0.0
fzeff (174),CG,0.0,0.0,0.0,0.0,1.0,0.0,0.0,0.0,0.0
fzeff (175),CA,1.0,0.0,0.0,0.0,0.0,0.0,0.0,0.0,0.0
fzeff (176),CG,0.0,0.0,0.0,0.0,1.0,0.0,0.0,0.0,0.0
fzeff (177),CG,0.0,0.0,0.0,0.0,1.0,0.0,0.0,0.0,0.0
fzeff (178),CG,0.0,0.0,0.0,0.0,1.0,0.0,0.0,0.0,0.0
fzeff (179),CG,0.0,0.0,0.0,0.0,1.0,0.0,0.0,0.0,0.0
fzeff (18),CG,0.0,0.0,0.0,0.0,1.0,0.0,0.0,0.0,0.0
fzeff (180),CG,0.0,0.0,0.0,0.0,1.0,0.0,0.0,0.0,0.0
fzeff (182),CG,0.0,0.0,0.0,0.0,1.0,0.0,0.0,0.0,0.0
fzeff (183),CG,0.0,0.0,0.0,0.0,1.0,0.0,0.0,0.0,0.0
fzeff (185),CG,0.0,0.0,0.0,0.0,1.0,0.0,0.0,0.0,0.0
fzeff (187),CA,1.0,0.0,0.0,0.0,0.0,0.0,0.0,0.0,0.0
fzeff (188),CG,0.07745658,0.0,0.0,0.0,0.9225434,0.0,0.0,0.0,0.0
fzeff (19),CG,0.0,0.0,0.0,0.0,1.0,0.0,0.0,4.507227e-11,0.0
fzeff (190),CA,1.0,0.0,0.0,0.0,0.0,0.0,0.0,0.0,0.0
fzeff (191),CG,0.0,0.0,0.0,0.0,1.0,0.0,0.0,0.0,0.0
fzeff (192),CG,0.0,0.0,0.0,0.0,1.0,0.0,0.0,0.0,0.0
fzeff (193),CG,0.0,0.0,0.0,0.0,1.0,0.0,0.0,0.0,0.0
fzeff (194),CA,1.0,0.0,0.0,0.0,4.0127246e-20,0.0,0.0,0.0,0.0
fzeff (195),CG,0.0,0.0,0.0,0.0,1.0,0.0,0.0,0.0,0.0
fzeff (196),CG,0.0,0.0,0.0,0.0,1.0,0.0,0.0,0.0,0.0
fzeff (198),CG,0.0,0.0,0.0,0.0,1.0,0.0,0.0,0.0,0.0
fzeff (199),CA,1.0,0.0,0.0,0.0,0.0,0.0,0.0,0.0,0.0
fzeff (2),CG,0.0,0.0,0.0,0.0,1.0,0.0,0.0,0.0,0.0
fzeff (20),CG,0.0,0.0,0.0,0.0,1.0,0.0,0.0,0.0,0.0
fzeff (200),CG,0.0,0.0,0.0,0.0,1.0,0.0,0.0,0.0,0.0
fzeff (201),CG,0.0,0.0,0.0,0.0,1.0,0.0,0.0,0.0,0.0
fzeff (202),CG,0.0,0.0,0.0,0.0,1.0,0.0,0.0,0.0,0.0
fzeff (203),CG,0.0,0.0,0.0,0.0,1.0,0.0,0.0,0.0,0.0
fzeff (204),CG,3.730538e-35,0.0,0.0,0.0,1.0,0.0,0.0,0.0,0.0
fzeff (205),CG,0.0,0.0,0.0,0.0,1.0,0.0,0.0,0.0,0.0
fzeff (206),CG,0.0,0.0,0.0,0.0,1.0,0.0,0.0,0.0,0.0
fzeff (207),CG,0.0,0.0,0.0,0.0,1.0,0.0,0.0,0.0,0.0
fzeff (209),CG,0.0,0.0,0.0,0.0,1.0,0.0,0.0,0.0,0.0
fzeff (21),CG,0.0,0.0,0.0,0.0,1.0,0.0,0.0,0.0,0.0
fzeff (210),CG,0.0,0.0,0.0,0.0,1.0,0.0,0.0,0.0,0.0
fzeff (212),CG,0.0,0.0,0.0,0.0,1.0,0.0,0.0,0.0,0.0
fzeff (213),CG,0.0,0.0,0.0,0.0,1.0,0.0,0.0,0.0,0.0
fzeff (214),CG,0.0,0.0,0.0,0.0,1.0,0.0,0.0,0.0,0.0
fzeff (217),CG,0.0,0.0,0.0,0.0,1.0,0.0,0.0,0.0,0.0
fzeff (218),CA,1.0,0.0,0.0,0.0,0.0,0.0,0.0,0.0,0.0
fzeff (219),CA,1.0,0.0,0.0,0.0,0.0,0.0,0.0,0.0,0.0
fzeff (22),CG,0.0,0.0,0.0,0.0,1.0,0.0,0.0,0.0,0.0
fzeff (220),CG,0.0,0.0,0.0,0.0,1.0,0.0,0.0,0.0,0.0
fzeff (222),CG,0.0,0.0,0.0,0.0,1.0,0.0,0.0,0.0,0.0
fzeff (223),CG,0.0,0.0,0.0,0.0,1.0,0.0,0.0,0.0,0.0
fzeff (224),CG,0.0,0.0,0.0,0.0,1.0,0.0,0.0,0.0,0.0
fzeff (225),CG,0.0,0.0,0.0,0.0,1.0,0.0,0.0,0.0,0.0
fzeff (226),CG,0.0,0.0,0.0,0.0,1.0,0.0,0.0,0.0,0.0
fzeff (227),CA,1.0,0.0,0.0,0.0,0.0,0.0,0.0,0.0,0.0
fzeff (228),CG,0.0,0.0,0.0,0.0,1.0,0.0,0.0,0.0,0.0
fzeff (229),CG,0.0,0.0,0.0,0.0,1.0,0.0,0.0,0.0,0.0
fzeff (23),CG,0.0,0.0,0.0,0.0,1.0,0.0,0.0,0.0,0.0
fzeff (230),CG,0.0,0.0,0.0,0.0,1.0,0.0,0.0,0.0,0.0
fzeff (231),CG,0.0,0.0,0.0,0.0,1.0,0.0,0.0,0.0,0.0
fzeff (232),CG,0.0,0.0,0.0,0.0,1.0,0.0,0.0,0.0,0.0
fzeff (233),CG,0.0,0.0,0.0,0.0,1.0,0.0,0.0,0.0,0.0
fzeff (234),CG,0.0,0.0,0.0,0.0,1.0,0.0,0.0,0.0,0.0
fzeff (235),CG,0.0,0.0,0.0,0.0,1.0,0.0,0.0,0.0,0.0
fzeff (236),CC,0.0,0.0,1.0,0.0,0.0,0.0,0.0,0.0,0.0
fzeff (237),CG,0.0,0.0,0.0,0.0,1.0,0.0,0.0,0.0,0.0
fzeff (24),CG,0.0,0.0,0.0,0.0,1.0,0.0,0.0,0.0,0.0
fzeff (242),CG,0.0,0.0,0.0,0.0,1.0,0.0,0.0,0.0,0.0
fzeff (244),CA,1.0,0.0,0.0,0.0,0.0,0.0,0.0,0.0,0.0
fzeff (245),CA,1.0,0.0,0.0,0.0,0.0,0.0,0.0,0.0,0.0
fzeff (246),CG,0.0,0.0,0.0,0.0,1.0,0.0,0.0,0.0,0.0
fzeff (248),CA,1.0,0.0,0.0,0.0,2.1030012e-24,0.0,0.0,0.0,0.0
fzeff (249),CG,0.0,0.0,0.0,0.0,1.0,0.0,0.0,0.0,0.0
fzeff (25),CG,0.0,0.0,0.0,0.0,1.0,0.0,0.0,0.0,0.0
fzeff (253),CG,0.0,0.0,0.0,0.0,1.0,0.0,0.0,0.0,0.0
fzeff (255),CG,0.0,0.0,0.0,0.0,1.0,0.0,0.0,0.0,0.0
fzeff (256),CG,0.0,0.0,0.0,0.0,1.0,0.0,0.0,0.0,0.0
fzeff (258),CG,0.0,0.0,0.0,0.0,1.0,0.0,0.0,0.0,0.0
fzeff (26),FA,0.0,0.0,0.0,0.0,0.0,0.0,0.0,1.0,0.0
fzeff (262),CG,0.0,0.0,0.0,0.0,1.0,0.0,0.0,0.0,0.0
fzeff (264),CG,0.0,0.0,0.0,0.0,1.0,0.0,0.0,0.0,0.0
fzeff (265),CG,2.6047585e-38,0.0,0.0,0.0,1.0,0.0,0.0,2.3985435e-32,0.0
fzeff (27),CG,0.0,0.0,0.0,0.0,1.0,0.0,0.0,0.0,0.0
fzeff (270),CA,1.0,0.0,0.0,0.0,0.0,0.0,0.0,0.0,0.0
fzeff (271),CG,0.0,0.0,0.0,0.0,1.0,0.0,0.0,0.0,0.0
fzeff (272),CG,0.0,0.0,0.0,0.0,1.0,0.0,0.0,0.0,0.0
fzeff (274),CG,0.0,0.0,0.0,0.0,1.0,0.0,0.0,0.0,0.0
fzeff (275),CG,0.0,0.0,0.0,0.0,1.0,0.0,0.0,0.0,0.0
fzeff (276),CG,0.0,0.0,0.0,0.0,1.0,0.0,0.0,0.0,0.0
fzeff (277),CG,0.0,0.0,0.0,0.0,1.0,0.0,0.0,0.0,0.0
fzeff (278),CG,0.0,0.0,0.0,0.0,1.0,0.0,0.0,0.0,0.0
fzeff (279),CA,1.0,0.0,0.0,0.0,0.0,0.0,0.0,0.0,0.0
fzeff (28),CG,0.0,0.0,0.0,0.0,1.0,0.0,0.0,0.0,0.0
fzeff (280),CG,0.0,0.0,0.0,0.0,1.0,0.0,0.0,0.0,0.0
fzeff (281),CG,0.0,0.0,0.0,0.0,1.0,0.0,0.0,0.0,0.0
fzeff (282),CG,0.0,0.0,0.0,0.0,1.0,0.0,0.0,0.0,0.0
fzeff (283),CG,0.0,0.0,0.0,0.0,1.0,0.0,0.0,0.0,0.0
fzeff (284),CG,0.0,0.0,0.0,0.0,1.0,0.0,0.0,0.0,0.0
fzeff (285),CG,0.0,0.0,0.0,0.0,1.0,0.0,0.0,0.0,0.0
fzeff (286),CG,0.0,0.0,0.0,0.0,1.0,0.0,0.0,0.0,0.0
fzeff (287),CG,0.0,0.0,0.0,0.0,1.0,0.0,0.0,0.0,0.0
fzeff (288),CG,0.0,0.0,0.0,0.0,1.0,0.0,0.0,0.0,0.0
fzeff (289),CG,0.0,0.0,0.0,0.0,1.0,0.0,0.0,0.0,0.0
fzeff (29),CG,0.0,0.0,0.0,0.0,1.0,0.0,0.0,0.0,0.0
fzeff (290),CG,0.0,0.0,0.0,0.0,1.0,0.0,0.0,0.0,0.0
fzeff (291),CG,0.0,0.0,0.0,0.0,1.0,0.0,0.0,0.0,0.0
fzeff (292),CG,0.0,0.0,0.0,0.0,1.0,0.0,0.0,0.0,0.0
fzeff (293),CG,0.0,0.0,0.0,0.0,1.0,0.0,0.0,0.0,0.0
fzeff (294),CG,0.0,0.0,0.0,0.0,1.0,0.0,0.0,0.0,0.0
fzeff (295),CG,0.0,0.0,0.0,0.0,1.0,0.0,0.0,0.0,0.0
fzeff (296),CG,0.0,0.0,0.0,0.0,1.0,0.0,0.0,0.0,0.0
fzeff (297),CG,0.0,0.0,0.0,0.0,1.0,0.0,0.0,0.0,0.0
fzeff (298),CG,0.0,0.0,0.0,0.0,1.0,0.0,0.0,0.0,0.0
fzeff (299),CG,0.0,0.0,0.0,0.0,1.0,0.0,0.0,0.0,0.0
fzeff (3),CG,0.0,0.0,0.0,0.0,1.0,0.0,0.0,0.0,0.0
fzeff (30),CG,0.0,0.0,0.0,0.0,1.0,0.0,0.0,0.0,0.0
fzeff (300),CG,0.0,0.0,0.0,0.0,1.0,0.0,0.0,0.0,0.0
fzeff (301),CG,0.0,0.0,0.0,0.0,1.0,0.0,0.0,0.0,0.0
fzeff (302),CG,0.0,0.0,0.0,0.0,1.0,0.0,0.0,0.0,0.0
fzeff (305),CG,0.0,0.0,0.0,0.0,1.0,0.0,0.0,0.0,0.0
fzeff (306),CG,0.0,0.0,0.0,0.0,1.0,0.0,0.0,0.0,0.0
fzeff (307),CG,0.0,0.0,0.0,0.0,1.0,0.0,0.0,0.0,0.0
fzeff (308),CG,0.0,0.0,0.0,0.0,1.0,0.0,0.0,0.0,0.0
fzeff (309),CG,0.0,0.0,0.0,0.0,1.0,0.0,0.0,0.0,0.0
fzeff (31),CG,0.0,0.0,0.0,0.0,1.0,0.0,0.0,0.0,0.0
fzeff (310),CG,0.0,0.0,0.0,0.0,1.0,0.0,0.0,0.0,0.0
fzeff (311),CG,0.0,0.0,0.0,0.0,1.0,0.0,0.0,0.0,0.0
fzeff (312),CG,0.0,0.0,0.0,0.0,1.0,0.0,0.0,0.0,0.0
fzeff (313),CG,0.0,0.0,0.0,0.0,1.0,0.0,0.0,0.0,0.0
fzeff (314),CG,0.0,0.0,0.0,0.0,1.0,0.0,0.0,0.0,0.0
fzeff (315),CG,0.0,0.0,0.0,0.0,1.0,0.0,0.0,0.0,0.0
fzeff (316),CG,0.0,0.0,0.0,0.0,1.0,0.0,0.0,0.0,0.0
fzeff (317),CG,0.0,0.0,0.0,0.0,1.0,0.0,0.0,0.0,0.0
fzeff (318),CG,0.0,0.0,0.0,0.0,1.0,0.0,0.0,0.0,0.0
fzeff (319),CA,1.0,0.0,0.0,0.0,0.0,0.0,0.0,0.0,0.0
fzeff (32),CA,1.0,0.0,0.0,0.0,0.0,0.0,0.0,0.0,0.0
fzeff (320),CG,0.0,0.0,0.0,0.0,1.0,0.0,0.0,0.0,0.0
fzeff (321),CG,0.0,0.0,0.0,0.0,1.0,0.0,0.0,0.0,0.0
fzeff (323),CG,0.0,0.0,0.0,0.0,1.0,0.0,0.0,0.0,0.0
fzeff (324),CG,0.0,0.0,0.0,0.0,1.0,0.0,0.0,0.0,0.0
fzeff (325),CG,0.0,0.0,0.0,0.0,1.0,0.0,0.0,0.0,0.0
fzeff (326),CG,0.0,0.0,0.0,0.0,1.0,0.0,0.0,0.0,0.0
fzeff (327),CG,0.0,0.0,0.0,0.0,1.0,0.0,0.0,0.0,0.0
fzeff (328),CG,0.0,0.0,0.0,0.0,1.0,0.0,0.0,0.0,0.0
fzeff (329),CG,0.0,0.0,0.0,0.0,1.0,0.0,0.0,0.0,0.0
fzeff (33),CA,1.0,0.0,0.0,0.0,2.0371238e-25,0.0,0.0,0.0,0.0
fzeff (330),CG,0.0,0.0,0.0,0.0,1.0,0.0,0.0,0.0,0.0
fzeff (331),CG,0.0,0.0,0.0,0.0,1.0,0.0,0.0,0.0,0.0
fzeff (332),FA,0.0,0.0,0.0,0.0,0.0,0.0,0.0,1.0,0.0
fzeff (333),CG,0.0,0.0,0.0,0.0,1.0,0.0,0.0,0.0,0.0
fzeff (334),CG,0.0,0.0,0.0,0.0,1.0,0.0,0.0,0.0,0.0
fzeff (335),CG,0.0,0.0,0.0,0.0,1.0,0.0,0.0,0.0,0.0
fzeff (336),CG,0.0,0.0,0.0,0.0,1.0,0.0,0.0,0.0,0.0
fzeff (337),CG,0.0,0.0,0.0,0.0,1.0,0.0,0.0,0.0,0.0
fzeff (338),CG,0.0,0.0,0.0,0.0,1.0,0.0,0.0,0.0,0.0
fzeff (339),CA,1.0,0.0,0.0,0.0,1.2533432e-23,0.0,0.0,0.0,0.0
fzeff (34),CBC,0.0,0.0,0.0,1.0,0.0,0.0,0.0,0.0,0.0
fzeff (340),CG,0.0,0.0,0.0,0.0,1.0,0.0,0.0,0.0,0.0
fzeff (341),CG,0.0,0.0,0.0,0.0,1.0,0.0,0.0,0.0,0.0
fzeff (342),CG,0.0,0.0,0.0,0.0,1.0,0.0,0.0,0.0,0.0
fzeff (343),CG,0.0,0.0,0.0,0.0,1.0,0.0,0.0,0.0,0.0
fzeff (344),CG,0.0,0.0,0.0,0.0,1.0,0.0,0.0,0.0,0.0
fzeff (345),CG,0.0,0.0,0.0,0.0,1.0,0.0,0.0,0.0,0.0
fzeff (346),CG,0.0,0.0,0.0,0.0,1.0,0.0,0.0,0.0,0.0
fzeff (347),CG,0.0,0.0,0.0,0.0,1.0,0.0,0.0,0.0,0.0
fzeff (348),CA,1.0,0.0,0.0,0.0,0.0,0.0,0.0,0.0,0.0
fzeff (349),CG,0.0,0.0,0.0,0.0,1.0,0.0,0.0,0.0,0.0
fzeff (35),CA,1.0,0.0,0.0,0.0,0.0,0.0,0.0,0.0,0.0
fzeff (350),CG,0.0,0.0,0.0,0.0,1.0,0.0,0.0,0.0,0.0
fzeff (351),CG,0.0,0.0,0.0,0.0,1.0,0.0,0.0,0.0,0.0
fzeff (353),CG,0.0,0.0,0.0,0.0,1.0,0.0,0.0,0.0,0.0
fzeff (354),CG,0.0,0.0,0.0,0.0,1.0,0.0,0.0,0.0,0.0
fzeff (355),CG,0.0,0.0,0.0,0.0,1.0,0.0,0.0,0.0,0.0
fzeff (357),CG,0.0,0.0,0.0,0.0,1.0,0.0,0.0,0.0,0.0
fzeff (359),CG,0.0,0.0,0.0,0.0,1.0,0.0,0.0,0.0,0.0
fzeff (36),CA,1.0,0.0,0.0,0.0,0.0,0.0,0.0,0.0,0.0
fzeff (361),CG,0.0,0.0,0.0,0.0,1.0,0.0,0.0,0.0,0.0
fzeff (362),CG,0.0,0.0,0.0,0.0,1.0,0.0,0.0,0.0,0.0
fzeff (363),CG,0.0,0.0,0.0,0.0,1.0,0.0,0.0,0.0,0.0
fzeff (364),CG,0.0,0.0,0.0,0.0,1.0,0.0,0.0,0.0,0.0
fzeff (365),CG,0.0,0.0,0.0,0.0,1.0,0.0,0.0,0.0,0.0
fzeff (366),CA,1.0,0.0,0.0,0.0,0.0,0.0,0.0,0.0,0.0
fzeff (367),CG,0.0,0.0,0.0,0.0,1.0,0.0,0.0,0.0,0.0
fzeff (368),CG,0.0,0.0,0.0,0.0,1.0,0.0,0.0,0.0,0.0
fzeff (369),CG,0.0,0.0,0.0,0.0,1.0,0.0,0.0,0.0,0.0
fzeff (37),CG,0.0,0.0,0.0,0.0,1.0,0.0,0.0,0.0,0.0
fzeff (371),CG,0.0,0.0,0.0,0.0,1.0,0.0,0.0,0.0,0.0
fzeff (372),CG,0.0,0.0,0.0,0.0,1.0,0.0,0.0,0.0,0.0
fzeff (373),CG,0.0,0.0,0.0,0.0,1.0,0.0,0.0,0.0,0.0
fzeff (374),CG,0.0,0.0,0.0,0.0,1.0,0.0,0.0,0.0,0.0
fzeff (375),CG,0.0,0.0,0.0,0.0,1.0,0.0,0.0,0.0,0.0
fzeff (377),CG,0.0,0.0,4.5123904e-25,0.0,1.0,0.0,0.0,0.0,0.0
fzeff (378),CG,0.0,0.0,0.0,0.0,1.0,0.0,0.0,0.0,0.0
fzeff (379),CG,0.0,0.0,0.0,0.0,1.0,0.0,0.0,0.0,0.0
fzeff (38),CG,0.0,0.0,0.0,0.0,1.0,0.0,0.0,0.0,0.0
fzeff (380),CG,0.0,0.0,0.0,0.0,1.0,0.0,0.0,0.0,0.0
fzeff (382),CG,0.0,0.0,0.0,0.0,1.0,0.0,0.0,0.0,0.0
fzeff (383),CG,0.0,0.0,0.0,0.0,1.0,0.0,0.0,0.0,0.0
fzeff (384),CG,0.0,0.0,0.0,0.0,1.0,0.0,0.0,0.0,0.0
fzeff (385),FA,0.0,0.0,0.0,0.0,0.00209391,0.0,0.0,0.9979061,0.0
fzeff (386),CG,0.0,0.0,0.0,0.0,1.0,0.0,0.0,0.0,0.0
fzeff (387),CA,1.0,0.0,0.0,0.0,0.0,0.0,0.0,0.0,0.0
fzeff (388),CG,0.0,0.0,0.0,0.0,1.0,0.0,0.0,0.0,0.0
fzeff (389),CG,0.0,0.0,0.0,0.0,1.0,0.0,0.0,0.0,0.0
fzeff (39),CG,0.0,0.0,0.0,0.0,1.0,0.0,0.0,0.0,0.0
fzeff (391),CG,0.0,0.0,0.0,0.0,1.0,0.0,0.0,0.0,0.0
fzeff (392),CG,0.0,0.0,0.0,0.0,1.0,0.0,0.0,0.0,0.0
fzeff (393),CG,0.0,0.0,0.0,0.0,1.0,0.0,0.0,0.0,0.0
fzeff (394),CG,0.0,0.0,0.0,0.0,1.0,0.0,0.0,0.0,0.0
fzeff (395),CG,0.0,0.0,0.0,0.0,1.0,0.0,0.0,0.0,0.0
fzeff (396),FA,0.0,0.0,0.0,0.0,0.0,0.0,0.0,1.0,0.0
fzeff (397),CG,0.0,0.0,0.0,0.0,1.0,0.0,0.0,0.0,0.0
fzeff (4),CG,0.0,0.0,0.0,0.0,1.0,0.0,0.0,0.0,0.0
fzeff (40),CA,1.0,0.0,0.0,0.0,0.0,3.6234487e-22,0.0,0.0,0.0
fzeff (400),CG,0.0,0.0,0.0,0.0,1.0,0.0,0.0,0.0,0.0
fzeff (401),CG,0.0,0.0,0.0,0.0,1.0,0.0,0.0,0.0,0.0
fzeff (402),CA,1.0,0.0,0.0,0.0,0.0,0.0,0.0,0.0,0.0
fzeff (404),CG,0.0,0.0,0.0,0.0,1.0,0.0,0.0,0.0,0.0
fzeff (406),CA,1.0,0.0,0.0,0.0,0.0,0.0,0.0,0.0,0.0
fzeff (407),CG,0.0,0.0,0.0,0.0,1.0,0.0,0.0,0.0,0.0
fzeff (408),CG,0.0,0.0,0.0,0.0,1.0,0.0,0.0,0.0,0.0
fzeff (409),CG,0.0,0.0,0.0,0.0,1.0,0.0,0.0,0.0,0.0
fzeff (41),CG,0.0,0.0,0.0,0.0,1.0,0.0,0.0,0.0,0.0
fzeff (411),CA,1.0,0.0,0.0,0.0,0.0,0.0,0.0,0.0,0.0
fzeff (412),CG,0.0,0.0,0.0,0.0,1.0,0.0,0.0,0.0,0.0
fzeff (413),CG,0.0,0.0,0.0,0.0,1.0,0.0,0.0,0.0,0.0
fzeff (414),CG,0.0,0.0,0.0,0.0,1.0,0.0,0.0,0.0,0.0
fzeff (415),CG,0.0,0.0,0.0,0.0,1.0,0.0,0.0,0.0,0.0
fzeff (416),CG,0.0,0.0,0.0,0.0,1.0,0.0,0.0,0.0,0.0
fzeff (417),CA,1.0,0.0,0.0,0.0,1.1357386e-26,0.0,0.0,0.0,0.0
fzeff (418),CG,0.0,0.0,0.0,0.0,1.0,0.0,0.0,0.0,0.0
fzeff (419),CG,0.0,0.0,0.0,0.0,1.0,0.0,0.0,0.0,0.0
fzeff (42),CA,0.9999968,0.0,0.0,0.0,3.2725306e-06,0.0,0.0,0.0,0.0
fzeff (420),CG,0.0,0.0,0.0,0.0,1.0,0.0,0.0,0.0,0.0
fzeff (421),CG,0.0,0.0,0.0,0.0,1.0,0.0,0.0,0.0,0.0
fzeff (422),CG,0.0,0.0,0.0,0.0,1.0,0.0,0.0,0.0,0.0
fzeff (423),CG,0.0,0.0,0.0,0.0,1.0,0.0,0.0,0.0,0.0
fzeff (424),CG,0.0,0.0,0.0,0.0,1.0,0.0,0.0,0.0,0.0
fzeff (425),CA,1.0,0.0,0.0,0.0,0.0,0.0,0.0,0.0,0.0
fzeff (426),CG,0.0,0.0,0.0,0.0,1.0,0.0,0.0,0.0,0.0
fzeff (427),FA,0.0,0.0,0.0,0.0,0.0,0.0,0.0,1.0,0.0
fzeff (428),CG,0.0,0.0,0.0,0.0,1.0,0.0,0.0,0.0,0.0
fzeff (429),CG,0.0,0.0,0.0,0.0,1.0,0.0,0.0,0.0,0.0
fzeff (43),CA,1.0,0.0,0.0,0.0,0.0,0.0,0.0,0.0,0.0
fzeff (430),FA,1.5545618e-05,0.0,0.0,0.0,0.0,0.0,0.0,0.9999845,0.0
fzeff (431),CG,0.0,0.0,0.0,0.0,1.0,0.0,0.0,0.0,0.0
fzeff (432),CG,0.0,0.0,0.0,0.0,1.0,0.0,0.0,0.0,0.0
fzeff (433),CG,0.0,0.0,0.0,0.0,1.0,0.0,0.0,0.0,0.0
fzeff (435),CG,0.0,0.0,0.0,0.0,1.0,0.0,0.0,0.0,0.0
fzeff (436),CG,0.0,0.0,0.0,0.0,1.0,0.0,0.0,0.0,0.0
fzeff (437),CG,0.0,0.0,0.0,0.0,1.0,0.0,0.0,0.0,0.0
fzeff (438),CG,0.0,0.0,0.0,0.0,1.0,0.0,0.0,0.0,0.0
fzeff (439),CA,1.0,0.0,0.0,0.0,0.0,0.0,0.0,0.0,0.0
fzeff (44),CG,0.0,0.0,0.0,0.0,1.0,0.0,0.0,0.0,0.0
fzeff (440),CA,1.0,0.0,0.0,0.0,0.0,0.0,0.0,0.0,0.0
fzeff (441),CG,0.0,0.0,0.0,0.0,1.0,0.0,0.0,0.0,0.0
fzeff (442),CG,0.0,0.0,0.0,0.0,1.0,0.0,0.0,0.0,0.0
fzeff (443),CG,0.0,0.0,0.0,0.0,1.0,0.0,0.0,0.0,0.0
fzeff (444),CG,0.0,0.0,0.0,0.0,1.0,0.0,0.0,0.0,0.0
fzeff (445),CG,0.0,0.0,0.0,0.0,1.0,0.0,0.0,0.0,0.0
fzeff (446),CG,0.0,0.0,0.0,0.0,1.0,0.0,0.0,0.0,0.0
fzeff (447),CG,0.0,0.0,0.0,0.0,1.0,0.0,0.0,0.0,0.0
fzeff (448),CG,0.0,0.0,0.0,0.0,1.0,0.0,0.0,0.0,0.0
fzeff (449),CG,0.0,0.0,0.0,0.0,1.0,0.0,0.0,0.0,0.0
fzeff (45),CG,0.0,0.0,0.0,0.0,1.0,0.0,0.0,0.0,0.0
fzeff (450),CG,0.0,0.0,0.0,0.0,1.0,0.0,0.0,0.0,0.0
fzeff (451),CG,0.0,0.0,0.0,0.0,1.0,0.0,0.0,0.0,0.0
fzeff (452),CG,0.0,0.0,0.0,0.0,1.0,0.0,0.0,0.0,0.0
fzeff (453),CG,0.0,0.0,0.0,0.0,1.0,0.0,0.0,0.0,0.0
fzeff (454),CG,0.0,0.0,0.0,0.0,1.0,0.0,0.0,0.0,0.0
fzeff (455),CG,0.0,0.0,0.0,0.0,1.0,0.0,0.0,0.0,0.0
fzeff (456),CG,0.0,0.0,0.0,0.0,1.0,0.0,0.0,0.0,0.0
fzeff (459),CA,1.0,0.0,0.0,0.0,0.0,0.0,0.0,0.0,0.0
fzeff (46),CA,1.0,0.0,0.0,0.0,0.0,0.0,0.0,0.0,0.0
fzeff (460),CG,0.0,0.0,0.0,0.0,1.0,0.0,0.0,0.0,0.0
fzeff (461),CG,0.0,0.0,0.0,0.0,1.0,0.0,0.0,0.0,0.0
fzeff (462),CG,0.0,0.0,0.0,0.0,1.0,0.0,0.0,0.0,0.0
fzeff (463),CG,0.0,0.0,0.0,0.0,1.0,0.0,0.0,0.0,0.0
fzeff (464),CA,1.0,0.0,0.0,0.0,0.0,0.0,0.0,0.0,0.0
fzeff (465),CG,9.862382e-28,0.0,0.0,0.0,1.0,0.0,0.0,0.0,0.0
fzeff (466),CG,0.0,0.0,0.0,0.0,1.0,0.0,0.0,0.0,0.0
fzeff (467),CG,0.0,0.0,0.0,0.0,1.0,0.0,0.0,0.0,0.0
fzeff (468),CG,0.0,0.0,0.0,0.0,1.0,0.0,0.0,0.0,0.0
fzeff (469),CG,0.0,0.0,0.0,0.0,1.0,0.0,0.0,0.0,0.0
fzeff (470),CG,0.0,0.0,0.0,0.0,1.0,0.0,0.0,0.0,0.0
fzeff (471),CG,0.0,0.0,0.0,0.0,1.0,0.0,0.0,0.0,0.0
fzeff (472),CG,0.0,0.0,0.0,0.0,1.0,0.0,0.0,0.0,0.0
fzeff (473),CG,0.0,0.0,0.0,0.0,1.0,0.0,0.0,0.0,0.0
fzeff (474),CA,1.0,0.0,0.0,0.0,0.0,0.0,0.0,0.0,0.0
fzeff (475),CG,0.0,0.0,0.0,0.0,1.0,0.0,0.0,0.0,0.0
fzeff (476),CG,0.0,0.0,0.0,0.0,1.0,0.0,0.0,0.0,0.0
fzeff (477),CA,1.0,0.0,0.0,0.0,0.0,0.0,0.0,0.0,0.0
fzeff (478),CG,0.0,0.0,0.0,0.0,1.0,0.0,0.0,0.0,0.0
fzeff (479),CG,0.0,0.0,0.0,0.0,1.0,0.0,0.0,0.0,0.0
fzeff (48),CG,0.0,0.0,0.0,0.0,1.0,0.0,0.0,0.0,0.0
fzeff (480),CG,0.0,0.0,0.0,0.0,1.0,0.0,0.0,0.0,0.0
fzeff (481),CA,1.0,0.0,0.0,0.0,0.0,0.0,0.0,0.0,0.0
fzeff (482),CA,1.0,0.0,0.0,0.0,0.0,0.0,0.0,0.0,0.0
fzeff (483),CG,0.0,0.0,0.0,0.0,1.0,0.0,0.0,0.0,0.0
fzeff (484),CG,0.0,0.0,0.0,0.0,1.0,0.0,0.0,0.0,0.0
fzeff (485),CG,0.0,0.0,0.0,0.0,1.0,0.0,0.0,0.0,0.0
fzeff (486),CG,0.0,0.0,0.0,0.0,1.0,0.0,0.0,0.0,0.0
fzeff (487),CG,0.0,0.0,0.0,0.0,1.0,0.0,0.0,0.0,0.0
fzeff (488),CG,0.0,0.0,0.0,0.0,1.0,0.0,0.0,0.0,0.0
fzeff (489),CG,0.0,0.0,0.0,0.0,1.0,0.0,0.0,0.0,0.0
fzeff (490),CG,0.0,0.0,0.0,0.0,1.0,0.0,0.0,0.0,0.0
fzeff (491),CG,0.0,0.0,0.0,0.0,1.0,0.0,0.0,0.0,0.0
fzeff (492),CG,0.0,0.0,0.0,0.0,1.0,0.0,0.0,0.0,0.0
fzeff (493),CG,0.0,0.0,0.0,0.0,1.0,0.0,0.0,0.0,0.0
fzeff (494),CG,0.0,0.0,0.0,0.0,1.0,0.0,0.0,0.0,0.0
fzeff (495),CG,0.0,0.0,0.0,0.0,1.0,0.0,0.0,0.0,0.0
fzeff (496),CG,0.0,0.0,0.0,0.0,1.0,0.0,0.0,0.0,0.0
fzeff (497),CG,0.0,0.0,0.0,0.0,1.0,0.0,0.0,0.0,0.0
fzeff (499),CA,1.0,0.0,0.0,3.6270582e-37,0.0,0.0,0.0,0.0,0.0
fzeff (5),CG,0.0,0.0,0.0,0.0,1.0,0.0,0.0,0.0,0.0
fzeff (500),CG,0.0,0.0,0.0,0.0,1.0,0.0,0.0,0.0,0.0
fzeff (501),CG,0.0,0.0,0.0,0.0,1.0,0.0,0.0,0.0,0.0
fzeff (503),CG,0.0,0.0,0.0,0.0,1.0,0.0,0.0,0.0,0.0
fzeff (504),CG,0.0,0.0,0.0,0.0,1.0,0.0,0.0,0.0,0.0
fzeff (505),CG,0.0,0.0,0.0,0.0,1.0,0.0,0.0,0.0,0.0
fzeff (506),CG,0.0,0.0,0.0,0.0,1.0,0.0,0.0,0.0,0.0
fzeff (508),CA,1.0,0.0,0.0,0.0,0.0,0.0,0.0,0.0,0.0
fzeff (509),CG,0.0,0.0,0.0,0.0,1.0,0.0,0.0,0.0,0.0
fzeff (51),CA,1.0,0.0,0.0,0.0,0.0,0.0,0.0,0.0,0.0
fzeff (510),CG,0.0,0.0,0.0,0.0,1.0,0.0,0.0,0.0,0.0
fzeff (511),CG,0.0,0.0,0.0,0.0,1.0,0.0,0.0,0.0,0.0
fzeff (512),CC,0.0,0.0,1.0,0.0,0.0,0.0,0.0,0.0,0.0
fzeff (513),CG,0.0,0.0,0.0,0.0,1.0,0.0,0.0,0.0,0.0
fzeff (514),CG,0.0,0.0,0.0,0.0,1.0,0.0,0.0,0.0,0.0
fzeff (515),CA,1.0,0.0,0.0,0.0,0.0,0.0,0.0,0.0,0.0
fzeff (516),CG,0.0,0.0,0.0,0.0,1.0,0.0,0.0,0.0,0.0
fzeff (517),CG,0.0,0.0,0.0,0.0,1.0,0.0,0.0,0.0,0.0
fzeff (518),CG,0.0,0.0,0.0,0.0,1.0,0.0,0.0,0.0,0.0
fzeff (519),CG,0.0,0.0,0.0,0.0,1.0,0.0,0.0,0.0,0.0
fzeff (52),CA,1.0,0.0,0.0,0.0,0.0,0.0,0.0,0.0,0.0
fzeff (520),CG,0.0,0.0,0.0,0.0,1.0,0.0,0.0,0.0,0.0
fzeff (521),CG,0.0,0.0,0.0,0.0,1.0,0.0,0.0,0.0,0.0
fzeff (522),CG,0.0,0.0,0.0,0.0,1.0,0.0,0.0,0.0,0.0
fzeff (524),CA,1.0,0.0,0.0,0.0,0.0,0.0,0.0,0.0,0.0
fzeff (525),CG,0.0,0.0,0.0,0.0,1.0,0.0,0.0,0.0,0.0
fzeff (526),CG,0.0,0.0,0.0,0.0,1.0,0.0,0.0,0.0,0.0
fzeff (527),CG,0.0,0.0,0.0,0.0,1.0,0.0,0.0,0.0,0.0
fzeff (528),CG,0.0,0.0,0.0,0.0,1.0,0.0,0.0,0.0,0.0
fzeff (529),CG,0.0,0.0,0.0,0.0,1.0,0.0,0.0,0.0,0.0
fzeff (53),CG,0.0,0.0,0.0,0.0,1.0,0.0,0.0,0.0,0.0
fzeff (530),CG,0.0,0.0,0.0,0.0,1.0,0.0,0.0,0.0,0.0
fzeff (531),CG,0.0,0.0,0.0,0.0,1.0,0.0,0.0,0.0,0.0
fzeff (532),CA,1.0,0.0,0.0,0.0,0.0,0.0,0.0,0.0,0.0
fzeff (533),CG,0.0,0.0,0.0,0.0,1.0,0.0,0.0,0.0,0.0
fzeff (534),CG,0.0,0.0,0.0,0.0,1.0,0.0,0.0,0.0,0.0
fzeff (54),CG,0.0,0.0,0.0,0.0,1.0,0.0,0.0,0.0,0.0
fzeff (55),CG,0.0,0.0,0.0,0.0,1.0,0.0,0.0,0.0,0.0
fzeff (57),FA,0.0,0.0,0.0,0.0,0.0,0.0,0.0,1.0,0.0
fzeff (58),CG,0.0,0.0,0.0,0.0,1.0,0.0,0.0,0.0,0.0
fzeff (59),CG,0.0,0.0,0.0,0.0,1.0,0.0,0.0,0.0,0.0
fzeff (6),CG,0.0,0.0,0.0,0.0,1.0,0.0,0.0,0.0,0.0
fzeff (61),CG,0.0,0.0,0.0,0.0,1.0,0.0,0.0,0.0,0.0
fzeff (62),CG,0.0,0.0,0.0,0.0,1.0,0.0,0.0,0.0,0.0
fzeff (63),CG,0.0,0.0,0.0,0.0,1.0,0.0,0.0,0.0,0.0
fzeff (64),CA,1.0,0.0,0.0,0.0,0.0,0.0,0.0,0.0,0.0
fzeff (65),CG,0.0,0.0,0.0,0.0,1.0,0.0,0.0,0.0,0.0
fzeff (66),CG,0.0,0.0,0.0,0.0,1.0,0.0,0.0,0.0,0.0
fzeff (68),CG,0.0,0.0,0.0,0.0,1.0,0.0,0.0,0.0,0.0
fzeff (69),CG,0.0,0.0,0.0,0.0,1.0,0.0,0.0,0.0,0.0
fzeff (70),CG,0.0,0.0,0.0,0.0,1.0,0.0,0.0,0.0,0.0
fzeff (71),CG,0.0,0.0,0.0,0.0,1.0,0.0,0.0,0.0,0.0
fzeff (72),CG,0.0,0.0,0.0,0.0,1.0,0.0,0.0,0.0,0.0
fzeff (73),CG,0.0,0.0,0.0,0.0,1.0,0.0,0.0,0.0,0.0
fzeff (74),CG,0.0,0.0,0.0,0.0,1.0,0.0,0.0,0.0,0.0
fzeff (76),CG,0.0,0.0,0.0,0.0,1.0,0.0,0.0,0.0,0.0
fzeff (77),CG,0.0,0.0,0.0,0.0,1.0,0.0,0.0,0.0,0.0
fzeff (78),CG,0.0,0.0,0.0,0.0,1.0,0.0,0.0,0.0,0.0
fzeff (79),CA,1.0,0.0,0.0,0.0,0.0,0.0,0.0,0.0,0.0
fzeff (8),CG,0.0,0.0,0.0,0.0,1.0,0.0,0.0,0.0,0.0
fzeff (81),CG,0.0,0.0,0.0,0.0,1.0,0.0,0.0,0.0,0.0
fzeff (82),CA,1.0,0.0,0.0,0.0,0.0,0.0,0.0,0.0,0.0
fzeff (83),CG,0.0,0.0,0.0,0.0,1.0,0.0,0.0,0.0,0.0
fzeff (84),CG,0.0,0.0,0.0,0.0,1.0,0.0,0.0,0.0,0.0
fzeff (85),CG,0.0,0.0,0.0,0.0,1.0,0.0,0.0,0.0,0.0
fzeff (86),CG,0.0,0.0,0.0,0.0,1.0,0.0,0.0,0.0,0.0
fzeff (87),CA,1.0,0.0,0.0,0.0,0.0,0.0,0.0,0.0,0.0
fzeff (88),CG,0.0,0.0,0.0,0.0,1.0,0.0,0.0,0.0,0.0
fzeff (9),CG,0.0,0.0,0.0,0.0,1.0,0.0,0.0,0.0,0.0
fzeff (90),CA,1.0,0.0,0.0,0.0,1.3120047e-31,0.0,0.0,0.0,0.0
fzeff (91),CG,0.0,0.0,0.0,0.0,1.0,0.0,0.0,0.0,0.0
fzeff (92),CG,0.0,0.0,0.0,0.0,1.0,0.0,0.0,0.0,0.0
fzeff (93),CG,0.0,0.0,0.0,0.0,1.0,0.0,0.0,0.0,0.0
fzeff (94),CG,0.0,0.0,0.0,0.0,1.0,0.0,0.0,0.0,0.0
fzeff (95),CA,1.0,0.0,0.0,0.0,0.0,0.0,0.0,0.0,0.0
fzeff (96),CG,2.0264708e-36,0.0,0.0,0.0,1.0,0.0,0.0,0.0,0.0
fzeff (97),CA,1.0,0.0,0.0,0.0,0.0,0.0,0.0,0.0,0.0
fzeff (99),CG,0.0,0.0,0.0,0.0,1.0,0.0,0.0,0.0,0.0
ima (1),CG,0.0,0.0,0.0,0.0,1.0,0.0,0.0,0.0,0.0
ima (10),CG,0.0,0.0,0.0,0.0,1.0,0.0,0.0,0.0,0.0
ima (100),CG,0.0,0.0,0.0,0.0,1.0,0.0,0.0,0.0,0.0
ima (101),CG,0.0,0.0,0.0,0.0,1.0,0.0,0.0,0.0,0.0
ima (102),CG,0.0,0.0,0.0,0.0,1.0,0.0,0.0,0.0,0.0
ima (103),CG,0.0,0.0,0.0,0.0,1.0,0.0,0.0,0.0,0.0
ima (104),CG,0.0,0.0,0.0,0.0,1.0,0.0,0.0,0.0,0.0
ima (105),CG,0.0,0.0,0.0,0.0,1.0,0.0,0.0,0.0,0.0
ima (106),CG,0.0,0.0,0.0,0.0,1.0,0.0,0.0,0.0,0.0
ima (107),CG,0.0,0.0,0.0,0.0,1.0,0.0,0.0,0.0,0.0
ima (108),CG,0.0,0.0,0.0,0.0,1.0,0.0,0.0,0.0,0.0
ima (109),CG,0.0,0.0,0.0,0.0,1.0,0.0,0.0,0.0,0.0
ima (11),CG,0.0,0.0,0.0,0.0,1.0,0.0,0.0,0.0,0.0
ima (110),CG,0.0,0.0,0.0,0.0,1.0,0.0,0.0,0.0,0.0
ima (111),CG,0.0,0.0,0.0,0.0,1.0,0.0,0.0,0.0,0.0
ima (112),CG,3.7844655e-10,0.0,0.0,0.0,1.0,0.0,0.0,0.0,0.0
ima (113),CG,0.0,0.0,0.0,0.0,1.0,0.0,0.0,0.0,0.0
ima (114),CG,0.0,0.0,0.0,0.0,1.0,0.0,0.0,0.0,0.0
ima (115),CG,0.0,0.0,0.0,0.0,1.0,0.0,0.0,0.0,0.0
ima (116),CG,0.0,0.0,0.0,0.0,1.0,0.0,0.0,0.0,0.0
ima (117),CA,1.0,0.0,0.0,0.0,0.0,0.0,0.0,0.0,0.0
ima (118),CA,1.0,0.0,0.0,0.0,0.0,0.0,0.0,0.0,0.0
ima (119),CG,0.0,0.0,0.0,0.0,1.0,0.0,0.0,0.0,0.0
ima (12),CG,0.0,0.0,0.0,0.0,1.0,0.0,0.0,0.0,0.0
ima (120),CG,0.0,0.0,0.0,0.0,1.0,0.0,0.0,0.0,0.0
ima (121),CG,0.0,0.0,0.0,0.0,1.0,0.0,0.0,0.0,0.0
ima (122),CG,0.0,0.0,0.0,0.0,1.0,0.0,0.0,0.0,0.0
ima (123),CG,0.0,0.0,0.0,0.0,1.0,0.0,0.0,0.0,0.0
ima (124),CG,0.0,0.0,0.0,0.0,1.0,0.0,0.0,0.0,0.0
ima (125),CG,0.0,0.0,0.0,0.0,1.0,0.0,0.0,0.0,0.0
ima (126),CG,0.0,0.0,0.0,0.0,1.0,0.0,0.0,0.0,0.0
ima (127),CG,0.0,0.0,0.0,0.0,1.0,0.0,0.0,0.0,0.0
ima (128),CG,0.0,0.0,0.0,0.0,1.0,0.0,0.0,0.0,0.0
ima (129),CG,0.0,0.0,0.0,0.0,1.0,0.0,0.0,0.0,0.0
ima (13),CG,0.0,0.0,0.0,0.0,1.0,0.0,0.0,0.0,0.0
ima (130),CG,0.0,0.0,0.0,0.0,1.0,0.0,0.0,0.0,0.0
ima (131),CG,0.0,0.0,0.0,0.0,1.0,0.0,0.0,0.0,0.0
ima (132),CG,0.0,0.0,0.0,0.0,1.0,0.0,0.0,0.0,0.0
ima (133),CG,0.0,0.0,0.0,0.0,1.0,0.0,0.0,0.0,0.0
ima (134),CG,0.0,0.0,0.0,0.0,1.0,0.0,0.0,0.0,0.0
ima (135),CG,0.0,0.0,0.0,0.0,1.0,0.0,0.0,0.0,0.0
ima (136),CG,0.0,0.0,0.0,0.0,1.0,0.0,0.0,0.0,0.0
ima (137),CG,0.0,0.0,0.0,0.0,1.0,0.0,0.0,0.0,0.0
ima (138),CG,0.0,0.0,0.0,0.0,1.0,0.0,0.0,0.0,0.0
ima (139),CG,0.0,0.0,0.0,0.0,1.0,0.0,0.0,0.0,0.0
ima (14),CG,0.0,0.0,0.0,0.0,1.0,0.0,0.0,0.0,0.0
ima (140),CG,0.0,0.0,0.0,0.0,1.0,0.0,0.0,0.0,0.0
ima (141),CG,0.0,0.0,0.0,0.0,1.0,0.0,0.0,0.0,0.0
ima (142),CG,0.0,0.0,0.0,0.0,1.0,0.0,0.0,0.0,0.0
ima (143),CG,0.0,0.0,0.0,0.0,1.0,0.0,0.0,0.0,0.0
ima (144),CG,0.0,0.0,0.0,0.0,1.0,0.0,0.0,0.0,0.0
ima (145),CG,0.0,0.0,0.0,0.0,1.0,0.0,0.0,0.0,0.0
ima (146),CG,0.0,0.0,0.0,0.0,1.0,0.0,0.0,0.0,0.0
ima (147),CG,8.804324e-06,0.0,0.0,0.0,0.9999912,0.0,0.0,0.0,0.0
ima (148),CG,0.0,0.0,0.0,0.0,1.0,0.0,0.0,0.0,0.0
ima (149),CG,0.0,0.0,0.0,0.0,1.0,0.0,0.0,0.0,0.0
ima (15),CG,0.0,0.0,0.0,0.0,1.0,0.0,0.0,0.0,0.0
ima (150),CG,0.0,0.0,0.0,0.0,1.0,0.0,0.0,0.0,0.0
ima (151),CG,0.0,0.0,0.0,0.0,1.0,0.0,0.0,0.0,0.0
ima (152),CG,0.0,0.0,0.0,0.0,1.0,0.0,0.0,0.0,0.0
ima (153),CG,0.0,0.0,0.0,0.0,1.0,0.0,0.0,0.0,0.0
ima (154),CG,0.0,0.0,0.0,0.0,1.0,0.0,0.0,0.0,0.0
ima (155),CG,0.0,0.0,0.0,0.0,1.0,0.0,0.0,0.0,0.0
ima (156),CG,0.0,0.0,0.0,0.0,1.0,0.0,0.0,0.0,0.0
ima (157),CG,0.0,0.0,0.0,0.0,1.0,0.0,0.0,0.0,0.0
ima (158),CG,0.0,0.0,0.0,0.0,1.0,0.0,0.0,0.0,0.0
ima (159),CG,0.0,0.0,0.0,0.0,1.0,0.0,0.0,0.0,0.0
ima (16),CG,0.0,0.0,0.0,0.0,1.0,0.0,0.0,0.0,0.0
ima (160),CG,0.0,0.0,0.0,0.0,1.0,0.0,0.0,0.0,0.0
ima (161),CG,0.0,0.0,0.0,0.0,1.0,0.0,0.0,0.0,0.0
ima (162),CG,0.0,0.0,0.0,0.0,1.0,0.0,0.0,0.0,0.0
ima (163),CG,0.0,0.0,0.0,0.0,1.0,0.0,0.0,0.0,0.0
ima (164),CG,0.0,0.0,0.0,0.0,1.0,0.0,0.0,0.0,0.0
ima (165),CG,0.0,0.0,0.0,0.0,1.0,0.0,0.0,0.0,0.0
ima (166),CG,0.0,0.0,0.0,0.0,1.0,0.0,0.0,0.0,0.0
ima (167),CG,0.0,0.0,0.0,0.0,1.0,0.0,0.0,0.0,0.0
ima (168),CG,0.0,0.0,0.0,0.0,1.0,0.0,0.0,0.0,0.0
ima (169),CG,0.0,0.0,0.0,0.0,1.0,0.0,0.0,0.0,0.0
ima (17),CG,0.0,0.0,0.0,0.0,1.0,0.0,0.0,0.0,0.0
ima (170),CG,0.0,0.0,0.0,0.0,1.0,0.0,0.0,0.0,0.0
ima (171),CG,0.0,0.0,0.0,0.0,1.0,0.0,0.0,0.0,0.0
ima (172),CG,0.0,0.0,0.0,0.0,1.0,0.0,0.0,0.0,0.0
ima (173),CG,0.0,0.0,0.0,0.0,1.0,0.0,0.0,0.0,0.0
ima (174),CG,0.0,0.0,0.0,0.0,1.0,0.0,0.0,0.0,0.0
ima (175),CG,0.0,0.0,0.0,0.0,1.0,0.0,0.0,0.0,0.0
ima (176),CG,0.0,0.0,0.0,0.0,1.0,0.0,0.0,0.0,0.0
ima (177),CG,0.0,0.0,0.0,0.0,1.0,0.0,0.0,0.0,0.0
ima (178),CG,0.0,0.0,0.0,0.0,1.0,0.0,0.0,0.0,0.0
ima (179),CG,0.0,0.0,0.0,0.0,1.0,0.0,0.0,0.0,0.0
ima (18),CG,0.0,0.0,0.0,0.0,1.0,0.0,0.0,0.0,0.0
ima (180),CG,0.0,0.0,0.0,0.0,1.0,0.0,0.0,0.0,0.0
ima (181),CG,0.0,0.0,0.0,0.0,1.0,0.0,0.0,0.0,0.0
ima (182),CG,0.0,0.0,0.0,0.0,1.0,0.0,0.0,0.0,0.0
ima (183),CG,0.0,0.0,0.0,0.0,1.0,0.0,0.0,0.0,0.0
ima (184),CG,0.0,0.0,0.0,0.0,1.0,0.0,0.0,0.0,0.0
ima (185),CG,0.0,0.0,0.0,0.0,1.0,0.0,0.0,0.0,0.0
ima (186),CG,0.0,0.0,0.0,0.0,1.0,0.0,0.0,0.0,0.0
ima (187),CG,0.0,0.0,0.0,0.0,1.0,0.0,0.0,0.0,0.0
ima (188),CG,0.0,0.0,0.0,0.0,1.0,0.0,0.0,0.0,0.0
ima (189),CG,0.0,0.0,0.0,0.0,1.0,0.0,0.0,0.0,0.0
ima (19),CG,0.0,0.0,0.0,0.0,1.0,0.0,0.0,0.0,0.0
ima (190),CG,0.0,0.0,0.0,0.0,1.0,0.0,0.0,0.0,0.0
ima (191),CG,0.0,0.0,0.0,0.0,1.0,0.0,0.0,0.0,0.0
ima (192),CG,0.0,0.0,0.0,0.0,1.0,0.0,0.0,0.0,0.0
ima (193),CG,0.0,0.0,0.0,0.0,1.0,0.0,0.0,0.0,0.0
ima (194),CG,0.0,0.0,0.0,0.0,1.0,0.0,0.0,0.0,0.0
ima (195),CG,0.0,0.0,0.0,0.0,1.0,0.0,0.0,0.0,0.0
ima (196),CG,0.0,0.0,0.0,0.0,1.0,0.0,0.0,0.0,0.0
ima (197),CG,0.0,0.0,0.0,0.0,1.0,0.0,0.0,0.0,0.0
ima (198),CG,0.0,0.0,0.0,0.0,1.0,0.0,0.0,0.0,0.0
ima (199),CG,0.0,0.0,0.0,0.0,1.0,0.0,0.0,0.0,0.0
ima (2),CG,0.0,0.0,0.0,0.0,1.0,0.0,0.0,0.0,0.0
ima (20),CG,0.0,0.0,0.0,0.0,1.0,0.0,0.0,0.0,0.0
ima (200),CG,0.0,0.0,0.0,0.0,1.0,0.0,0.0,0.0,0.0
ima (201),CG,0.0,0.0,0.0,0.0,1.0,0.0,0.0,0.0,0.0
ima (202),CG,0.0,0.0,0.0,0.0,1.0,0.0,0.0,0.0,0.0
ima (203),CG,0.0,0.0,0.0,0.0,1.0,0.0,0.0,0.0,0.0
ima (204),CG,0.0,0.0,0.0,0.0,1.0,0.0,0.0,0.0,0.0
ima (205),CG,0.0,0.0,0.0,0.0,1.0,0.0,0.0,0.0,0.0
ima (206),CG,0.0,0.0,0.0,0.0,1.0,0.0,0.0,0.0,0.0
ima (207),CG,0.0,0.0,0.0,0.0,1.0,0.0,0.0,0.0,0.0
ima (208),CG,0.0,0.0,0.0,0.0,1.0,0.0,0.0,0.0,0.0
ima (209),CG,0.0,0.0,0.0,0.0,1.0,0.0,0.0,0.0,0.0
ima (21),CG,0.0,0.0,0.0,0.0,1.0,0.0,0.0,0.0,0.0
ima (210),CG,0.0,0.0,0.0,0.0,1.0,0.0,0.0,0.0,0.0
ima (211),CG,0.0,0.0,0.0,0.0,1.0,0.0,0.0,0.0,0.0
ima (212),CG,0.0,0.0,0.0,0.0,1.0,0.0,0.0,0.0,0.0
ima (213),CG,0.0,0.0,0.0,0.0,1.0,0.0,0.0,0.0,0.0
ima (214),CG,0.0,0.0,0.0,0.0,1.0,0.0,0.0,0.0,0.0
ima (215),CG,0.0,0.0,0.0,0.0,1.0,0.0,0.0,0.0,0.0
ima (216),CG,0.0,0.0,0.0,0.0,1.0,0.0,0.0,0.0,0.0
ima (217),CG,0.0,0.0,0.0,0.0,1.0,0.0,0.0,0.0,0.0
ima (218),CG,0.0,0.0,0.0,0.0,1.0,0.0,0.0,0.0,0.0
ima (219),CG,0.0,0.0,0.0,0.0,1.0,0.0,0.0,0.0,0.0
ima (22),CG,0.0,0.0,0.0,0.0,1.0,0.0,0.0,0.0,0.0
ima (220),CG,0.0,0.0,0.0,0.0,1.0,0.0,0.0,0.0,0.0
ima (221),CG,0.0,0.0,0.0,0.0,1.0,0.0,0.0,0.0,0.0
ima (222),CG,0.0,0.0,0.0,0.0,1.0,0.0,0.0,0.0,0.0
ima (223),CG,0.0,0.0,0.0,0.0,1.0,0.0,0.0,0.0,0.0
ima (224),CG,0.0,0.0,0.0,0.0,1.0,0.0,0.0,0.0,0.0
ima (225),CG,0.0,0.0,0.0,0.0,1.0,0.0,0.0,0.0,0.0
ima (226),CG,0.0,0.0,0.0,0.0,1.0,0.0,0.0,0.0,0.0
ima (227),CG,0.0,0.0,0.0,0.0,1.0,0.0,0.0,0.0,0.0
ima (228),HPC,0.0,0.0,0.0,0.0,1.4957486e-21,1.0,0.0,0.0,0.0
ima (229),CG,0.0,0.0,0.0,0.0,1.0,0.0,0.0,0.0,0.0
ima (23),CG,0.0,0.0,0.0,0.0,1.0,0.0,0.0,0.0,0.0
ima (230),CG,0.0,0.0,0.0,0.0,1.0,0.0,0.0,0.0,0.0
ima (231),CG,0.0,0.0,0.0,0.0,1.0,1.063424e-28,0.0,0.0,0.0
ima (232),CG,0.0,0.0,0.0,0.0,1.0,0.0,0.0,0.0,0.0
ima (233),CG,0.0,0.0,0.0,0.0,1.0,0.0,0.0,0.0,0.0
ima (234),CG,0.0,0.0,0.0,0.0,1.0,0.0,0.0,0.0,0.0
ima (235),HPC,0.0,0.0,0.0,0.0,0.0,1.0,0.0,0.0,0.0
ima (236),CG,0.0,0.0,0.0,0.0,1.0,0.0,0.0,0.0,0.0
ima (237),HPC,0.0,0.0,0.0,0.0,0.0,1.0,0.0,0.0,0.0
ima (238),CG,0.0,0.0,0.0,0.0,1.0,0.0,0.0,0.0,0.0
ima (239),CG,0.0,0.0,0.0,0.0,1.0,0.0,0.0,0.0,0.0
ima (24),CG,0.0,0.0,0.0,0.0,1.0,0.0,0.0,0.0,0.0
ima (240),CG,0.0,0.0,0.0,0.0,1.0,0.0,0.0,0.0,0.0
ima (241),CG,0.0,0.0,0.0,0.0,1.0,0.0,0.0,0.0,0.0
ima (242),CG,0.0,0.0,0.0,0.0,1.0,0.0,0.0,0.0,0.0
ima (243),CG,0.0,0.0,0.0,0.0,1.0,0.0,0.0,0.0,0.0
ima (244),HPC,0.0,0.0,0.0,0.0,0.0,1.0,0.0,0.0,0.0
ima (245),CG,0.0,0.0,0.0,0.0,1.0,0.0,0.0,0.0,0.0
ima (246),CG,0.0,0.0,0.0,0.0,1.0,0.0,0.0,0.0,0.0
ima (247),CG,0.0,0.0,0.0,0.0,1.0,0.0,0.0,0.0,0.0
ima (248),CG,0.0,0.0,0.0,0.0,1.0,0.0,0.0,0.0,0.0
ima (249),CG,0.0,0.0,0.0,0.0,1.0,0.0,0.0,0.0,0.0
ima (25),CG,0.0,0.0,0.0,0.0,1.0,0.0,0.0,0.0,0.0
ima (250),CG,0.0,0.0,0.0,0.0,1.0,0.0,0.0,0.0,0.0
ima (251),CG,0.0,0.0,0.0,0.0,1.0,0.0,0.0,0.0,0.0
ima (252),HPC,0.0,0.0,0.0,0.0,0.0,1.0,0.0,0.0,0.0
ima (253),HPC,0.0,0.0,0.0,0.0,2.4249078e-34,1.0,0.0,0.0,0.0
ima (254),CC,0.0,0.0,1.0,0.0,0.0,0.0,0.0,0.0,0.0
ima (255),HPC,0.0,0.0,0.0,0.0,0.0,1.0,0.0,0.0,0.0
ima (256),CG,0.0,0.0,0.0,0.0,1.0,0.0,0.0,0.0,0.0
ima (257),Co,0.0,1.0,0.0,0.0,0.0,0.0,0.0,0.0,0.0
ima (258),CG,0.0,0.0,0.0,0.0,1.0,0.0,0.0,0.0,0.0
ima (259),CG,0.0,0.0,0.0,0.0,1.0,3.834271e-14,0.0,0.0,0.0
ima (26),CG,0.0,0.0,0.0,0.0,1.0,0.0,0.0,0.0,0.0
ima (260),CG,0.0,0.0,0.0,0.0,1.0,0.0,0.0,0.0,0.0
ima (261),CG,0.0,0.0,0.0,0.0,1.0,0.0,0.0,0.0,0.0
ima (262),CG,0.0,0.0,0.0,0.0,1.0,0.0,0.0,0.0,0.0
ima (263),CG,0.0,0.0,0.0,0.0,1.0,0.0,0.0,0.0,0.0
ima (264),CG,0.0,0.0,0.0,0.0,1.0,0.0,0.0,0.0,0.0
ima (265),HPC,0.0,0.0,0.0,0.0,8.840875e-38,1.0,0.0,0.0,0.0
ima (266),HPC,0.0,0.0,0.0,0.0,5.0518873e-31,1.0,0.0,0.0,0.0
ima (267),CG,0.0,0.0,0.0,0.0,1.0,0.0,0.0,0.0,0.0
ima (268),CG,0.0,0.0,0.0,0.0,1.0,0.0,0.0,0.0,0.0
ima (269),CG,0.0,0.0,0.0,0.0,1.0,0.0,0.0,0.0,0.0
ima (27),CG,0.0,0.0,0.0,0.0,1.0,0.0,0.0,0.0,0.0
ima (270),CG,0.0,0.0,0.0,0.0,1.0,0.0,0.0,0.0,0.0
ima (271),CG,0.0,0.0,0.0,0.0,1.0,0.0,0.0,0.0,0.0
ima (272),CG,0.0,0.0,0.0,0.0,1.0,0.0,0.0,0.0,0.0
ima (273),CG,0.0,0.0,0.0,0.0,1.0,0.0,0.0,0.0,0.0
ima (274),CG,0.0,0.0,0.0,0.0,1.0,0.0,0.0,0.0,0.0
ima (275),HPC,0.0,0.0,0.0,0.0,0.0,1.0,0.0,0.0,0.0
ima (276),CG,0.0,0.0,0.0,0.0,1.0,0.0,0.0,0.0,0.0
ima (277),CG,0.0,0.0,0.0,0.0,1.0,0.0,0.0,0.0,0.0
ima (278),CG,0.0,0.0,0.0,0.0,1.0,2.8844627e-13,0.0,0.0,0.0
ima (279),CG,0.0,0.0,0.0,0.0,1.0,0.0,0.0,0.0,0.0
ima (28),CG,0.0,0.0,0.0,0.0,1.0,0.0,0.0,0.0,0.0
ima (280),CG,0.0,0.0,0.0,0.0,1.0,0.0,0.0,0.0,0.0
ima (281),CG,0.0,0.0,0.0,0.0,1.0,0.0,0.0,0.0,0.0
ima (282),CG,0.0,0.0,0.0,0.0,1.0,0.0,0.0,0.0,0.0
ima (283),CG,0.0,0.0,0.0,0.0,1.0,0.0,0.0,0.0,0.0
ima (284),CG,0.0,0.0,0.0,0.0,1.0,0.0,0.0,0.0,0.0
ima (285),CG,0.0,0.0,0.0,0.0,1.0,0.0,0.0,0.0,0.0
ima (286),CG,0.0,0.0,0.0,0.0,1.0,0.0,0.0,0.0,0.0
ima (287),CG,0.0,0.0,0.0,0.0,1.0,0.0,0.0,0.0,0.0
ima (288),HPC,0.0,0.0,0.0,0.0,1.7565974e-35,1.0,0.0,0.0,0.0
ima (289),CG,0.0,0.0,0.0,0.0,1.0,0.0,0.0,0.0,0.0
ima (29),CG,0.0,0.0,0.0,0.0,1.0,0.0,0.0,0.0,0.0
ima (290),CG,0.0,0.0,0.0,0.0,1.0,0.0,0.0,0.0,0.0
ima (291),CG,0.0,0.0,0.0,0.0,1.0,0.0,0.0,0.0,0.0
ima (292),CG,0.0,0.0,0.0,0.0,1.0,0.0,0.0,0.0,0.0
ima (293),CG,0.0,0.0,0.0,0.0,1.0,0.0,0.0,0.0,0.0
ima (294),CG,0.0,0.0,0.0,0.0,1.0,0.0,0.0,0.0,0.0
ima (295),CG,0.0,0.0,0.0,0.0,1.0,0.0,0.0,0.0,0.0
ima (296),CG,0.0,0.0,0.0,0.0,1.0,0.0,0.0,0.0,0.0
ima (297),CG,0.0,0.0,0.0,0.0,1.0,0.0,0.0,0.0,0.0
ima (298),CG,0.0,0.0,0.0,0.0,1.0,0.0,0.0,0.0,0.0
ima (299),HPC,0.0,0.0,0.0,0.0,9.409299e-09,1.0,0.0,0.0,0.0
ima (3),CG,0.0,0.0,0.0,0.0,1.0,0.0,0.0,0.0,0.0
ima (30),CG,0.0,0.0,0.0,0.0,1.0,0.0,0.0,0.0,0.0
ima (300),HPC,0.0,0.0,0.0,0.0,0.0,1.0,0.0,0.0,0.0
ima (301),CG,0.0,0.0,0.0,0.0,1.0,4.206957e-10,0.0,0.0,0.0
ima (302),CG,0.0,0.0,0.0,0.0,1.0,0.0,0.0,0.0,0.0
ima (303),HPC,0.0,0.0,0.0,0.0,0.0,1.0,0.0,0.0,0.0
ima (304),CG,0.0,0.0,0.0,0.0,1.0,0.0,0.0,0.0,0.0
ima (305),CG,0.0,0.0,0.0,0.0,1.0,0.0,0.0,0.0,0.0
ima (306),CG,0.0,0.0,0.0,0.0,1.0,0.0,0.0,0.0,0.0
ima (307),CG,0.0,0.0,0.0,0.0,1.0,0.0,0.0,0.0,0.0
ima (308),CG,0.0,0.0,0.0,0.0,1.0,0.0,0.0,0.0,0.0
ima (309),CG,0.0,0.0,0.0,0.0,1.0,0.0,0.0,0.0,0.0
ima (31),CG,0.0,0.0,0.0,0.0,1.0,0.0,0.0,0.0,0.0
ima (310),CG,0.0,0.0,0.0,0.0,1.0,0.0,0.0,0.0,0.0
ima (311),CG,0.0,0.0,0.0,0.0,1.0,0.0,0.0,0.0,0.0
ima (312),CG,0.0,0.0,0.0,0.0,1.0,0.0,0.0,0.0,0.0
ima (313),CG,0.0,0.0,0.0,0.0,1.0,0.0,0.0,0.0,0.0
ima (314),CG,0.0,0.0,0.0,0.0,1.0,0.0,0.0,0.0,0.0
ima (315),CG,0.0,0.0,0.0,0.0,1.0,0.0,0.0,0.0,0.0
ima (316),CG,0.0,0.0,0.0,0.0,1.0,0.0,0.0,0.0,0.0
ima (317),CG,0.0,0.0,0.0,0.0,1.0,0.0,0.0,0.0,0.0
ima (318),CG,0.0,0.0,0.0,0.0,1.0,0.0,0.0,0.0,0.0
ima (319),CG,0.0,0.0,0.0,0.0,1.0,0.0,0.0,0.0,0.0
ima (32),CG,0.0,0.0,0.0,0.0,1.0,0.0,0.0,0.0,0.0
ima (320),CG,0.0,0.0,0.0,0.0,1.0,8.34499e-24,0.0,0.0,0.0
ima (321),CG,0.0,0.0,0.0,0.0,1.0,0.0,0.0,0.0,0.0
ima (322),CG,0.0,0.0,0.0,0.0,1.0,0.0,0.0,0.0,0.0
ima (323),CG,0.0,0.0,0.0,0.0,1.0,0.0,0.0,0.0,0.0
ima (324),HPC,0.0,0.0,0.0,0.0,0.0,1.0,0.0,0.0,0.0
ima (325),HPC,0.0,0.0,0.0,0.0,0.0,1.0,0.0,0.0,0.0
ima (326),CG,0.0,0.0,0.0,0.0,1.0,0.0,0.0,0.0,0.0
ima (327),HPC,0.0,0.0,0.0,0.0,0.0,1.0,0.0,0.0,0.0
ima (328),HPC,0.0,0.0,0.0,0.0,0.0,1.0,0.0,0.0,0.0
ima (329),HPC,0.0,0.0,0.0,0.0,0.0,1.0,0.0,0.0,0.0
ima (33),CG,0.0,0.0,0.0,0.0,1.0,0.0,0.0,0.0,0.0
ima (330),CG,0.0,0.0,0.0,0.0,1.0,0.0,0.0,0.0,0.0
ima (331),CG,0.0,0.0,0.0,0.0,1.0,0.0,0.0,0.0,0.0
ima (332),HPC,0.0,0.0,0.0,0.0,0.0,1.0,0.0,0.0,0.0
ima (333),HPC,0.0,0.0,0.0,0.0,0.0,1.0,0.0,0.0,0.0
ima (334),CG,0.0,0.0,0.0,0.0,1.0,0.0,0.0,0.0,0.0
ima (335),HPC,0.0,0.0,0.0,0.0,1.6431799e-34,1.0,0.0,0.0,0.0
ima (336),CG,0.0,0.0,0.0,0.0,1.0,0.0,0.0,0.0,0.0
ima (337),HPC,0.0,0.0,0.0,0.0,2.5690434e-25,1.0,0.0,0.0,0.0
ima (338),HPC,0.0,0.0,0.0,0.0,0.0,1.0,0.0,0.0,0.0
ima (339),HPC,0.0,0.0,0.0,0.0,0.0,1.0,0.0,0.0,0.0
ima (34),CG,0.0,0.0,0.0,0.0,1.0,0.0,0.0,0.0,0.0
ima (340),HPC,0.0,0.0,0.0,0.0,0.0,1.0,0.0,0.0,0.0
ima (341),HPC,0.0,0.0,0.0,0.0,0.0,1.0,0.0,0.0,0.0
ima (342),HPC,0.0,0.0,0.0,0.0,0.0,1.0,0.0,0.0,0.0
ima (343),CG,0.0,0.0,0.0,0.0,1.0,0.0,0.0,0.0,0.0
ima (344),CA,1.0,0.0,0.0,0.0,0.0,0.0,0.0,0.0,0.0
ima (345),CG,0.0,0.0,0.0,0.0,1.0,0.0,0.0,0.0,0.0
ima (346),CG,0.0,0.0,0.0,0.0,1.0,0.0,0.0,0.0,0.0
ima (347),CG,0.0,0.0,0.0,0.0,1.0,0.0,0.0,0.0,0.0
ima (348),CG,0.0,0.0,0.0,0.0,1.0,0.0,0.0,0.0,0.0
ima (349),CG,0.0,0.0,0.0,0.0,1.0,0.0,0.0,0.0,0.0
ima (35),CG,0.0,0.0,0.0,0.0,1.0,0.0,0.0,0.0,0.0
ima (350),CG,0.0,0.0,0.0,0.0,1.0,0.0,0.0,0.0,0.0
ima (351),CG,0.0,0.0,0.0,0.0,1.0,0.0,0.0,0.0,0.0
ima (352),CG,0.0,0.0,0.0,0.0,1.0,0.0,0.0,0.0,0.0
ima (353),CG,0.0,0.0,0.0,0.0,1.0,0.0,0.0,0.0,0.0
ima (354),CG,0.0,0.0,0.0,0.0,1.0,0.0,0.0,0.0,9.933867e-34
ima (355),CG,0.0,0.0,0.0,0.0,1.0,0.0,0.0,0.0,0.0
ima (356),CG,0.0,0.0,0.0,0.0,1.0,0.0,0.0,0.0,0.0
ima (357),CG,0.0,0.0,0.0,0.0,1.0,0.0,0.0,0.0,0.0
ima (358),CG,0.0,0.0,0.0,0.0,1.0,0.0,0.0,0.0,0.0
ima (359),CG,0.0,0.0,0.0,0.0,1.0,0.0,0.0,0.0,0.0
ima (36),CG,0.0,0.0,0.0,0.0,1.0,0.0,0.0,0.0,0.0
ima (360),CG,0.0,0.0,0.0,0.0,1.0,0.0,0.0,0.0,0.0
ima (361),CG,0.0,0.0,0.0,0.0,1.0,0.0,0.0,0.0,0.0
ima (362),CG,0.0,0.0,0.0,0.0,1.0,0.0,0.0,0.0,0.0
ima (363),CG,0.0,0.0,0.0,0.0,1.0,0.0,0.0,0.0,0.0
ima (364),CG,0.0,0.0,0.0,0.0,1.0,0.0,0.0,0.0,0.0
ima (365),CG,0.0,0.0,0.0,0.0,1.0,0.0,0.0,0.0,0.0
ima (366),CG,0.0,0.0,0.0,0.0,1.0,0.0,0.0,0.0,0.0
ima (367),CG,0.0,0.0,0.0,0.0,1.0,0.0,0.0,0.0,0.0
ima (368),CG,0.0,0.0,0.0,0.0,1.0,0.0,0.0,0.0,0.0
ima (369),CG,0.0,0.0,0.0,0.0,1.0,0.0,0.0,0.0,0.0
ima (37),CG,0.0,0.0,0.0,0.0,1.0,0.0,0.0,0.0,0.0
ima (370),CG,0.0,0.0,0.0,0.0,1.0,0.0,0.0,0.0,0.0
ima (371),CG,0.0,0.0,0.0,0.0,1.0,0.0,0.0,0.0,0.0
ima (372),CG,0.0,0.0,0.0,0.0,1.0,0.0,0.0,0.0,0.0
ima (373),CG,0.0,0.0,0.0,0.0,1.0,0.0,0.0,0.0,0.0
ima (374),CG,0.0,0.0,0.0,0.0,1.0,0.0,0.0,0.0,0.0
ima (375),CG,0.0,0.0,0.0,0.0,1.0,0.0,0.0,0.0,0.0
ima (376),CG,0.0,0.0,0.0,0.0,1.0,0.0,0.0,0.0,0.0
ima (377),CG,0.0,0.0,0.0,0.0,1.0,0.0,0.0,0.0,0.0
ima (378),CG,0.0,0.0,0.0,0.0,1.0,0.0,0.0,0.0,0.0
ima (379),CG,0.0,0.0,0.0,0.0,1.0,0.0,0.0,0.0,0.0
ima (38),CG,0.0,0.0,0.0,0.0,1.0,0.0,0.0,0.0,0.0
ima (380),CG,0.0,0.0,0.0,0.0,1.0,0.0,0.0,0.0,0.0
ima (381),CG,0.0,0.0,0.0,0.0,1.0,0.0,0.0,0.0,0.0
ima (382),CG,0.0,0.0,0.0,0.0,1.0,0.0,0.0,0.0,0.0
ima (383),CG,0.0,0.0,0.0,0.0,1.0,0.0,0.0,0.0,0.0
ima (384),CG,0.0,0.0,0.0,0.0,1.0,0.0,0.0,0.0,0.0
ima (385),CG,0.0,0.0,0.0,0.0,1.0,0.0,0.0,0.0,0.0
ima (386),CG,0.0,0.0,0.0,0.0,1.0,0.0,0.0,0.0,0.0
ima (387),CG,0.0,0.0,0.0,0.0,1.0,0.0,0.0,0.0,0.0
ima (388),CG,0.0,0.0,0.0,0.0,1.0,0.0,0.0,0.0,0.0
ima (389),CG,0.0,0.0,0.0,0.0,1.0,0.0,0.0,0.0,0.0
ima (39),CG,0.0,0.0,0.0,0.0,1.0,0.0,0.0,0.0,0.0
ima (390),CG,0.0,0.0,0.0,0.0,1.0,0.0,0.0,0.0,0.0
ima (391),CG,0.0,0.0,0.0,0.0,1.0,0.0,0.0,0.0,0.0
ima (392),CG,0.0,0.0,0.0,0.0,1.0,0.0,0.0,0.0,0.0
ima (393),CC,0.0,0.0,1.0,0.0,0.0,0.0,0.0,0.0,0.0
ima (394),CG,0.0,0.0,0.0,0.0,1.0,0.0,0.0,0.0,0.0
ima (395),CG,0.0,0.0,0.0,0.0,1.0,0.0,0.0,0.0,0.0
ima (396),CG,0.0,0.0,0.0,0.0,1.0,0.0,0.0,0.0,0.0
ima (397),CG,0.0,0.0,0.0,0.0,1.0,0.0,0.0,0.0,0.0
ima (398),CG,0.0,0.0,0.0,0.0,1.0,0.0,0.0,0.0,0.0
ima (399),CG,0.0,0.0,0.0,0.0,1.0,0.0,0.0,0.0,0.0
ima (4),CG,0.0,0.0,0.0,0.0,1.0,0.0,0.0,0.0,0.0
ima (40),CG,0.0,0.0,0.0,0.0,1.0,0.0,0.0,0.0,0.0
ima (400),CC,0.0,0.0,1.0,0.0,0.0,0.0,0.0,0.0,0.0
ima (401),CG,0.0,0.0,0.0,0.0,1.0,0.0,0.0,0.0,0.0
ima (402),CG,0.0,0.0,0.0,0.0,1.0,0.0,0.0,0.0,0.0
ima (403),CG,0.0,0.0,0.0,0.0,1.0,0.0,0.0,0.0,0.0
ima (404),CG,0.0,0.0,0.0,0.0,1.0,0.0,0.0,0.0,0.0
ima (405),CG,0.0,0.0,0.0,0.0,1.0,0.0,0.0,0.0,0.0
ima (406),CG,0.0,0.0,0.0,0.0,1.0,0.0,0.0,0.0,0.0
ima (407),CG,0.0,0.0,0.0,0.0,1.0,0.0,0.0,0.0,0.0
ima (408),CG,0.0,0.0,0.0,0.0,1.0,0.0,0.0,0.0,0.0
ima (409),CG,0.0,0.0,0.0,0.0,1.0,0.0,0.0,0.0,0.0
ima (41),CG,0.0,0.0,0.0,0.0,1.0,0.0,0.0,0.0,0.0
ima (410),CG,0.0,0.0,0.0,0.0,1.0,0.0,0.0,0.0,0.0
ima (411),CG,0.0,0.0,0.0,0.0,1.0,0.0,0.0,0.0,0.0
ima (412),CG,0.0,0.0,0.0,0.0,1.0,0.0,0.0,0.0,0.0
ima (413),CG,0.0,0.0,0.0,0.0,1.0,0.0,0.0,0.0,0.0
ima (414),CG,0.0,0.0,0.0,0.0,1.0,0.0,0.0,0.0,0.0
ima (415),CG,0.0,0.0,0.0,0.0,1.0,0.0,0.0,0.0,0.0
ima (416),CG,0.0,0.0,0.0,0.0,1.0,0.0,0.0,0.0,0.0
ima (417),CG,0.0,0.0,0.0,0.0,1.0,0.0,0.0,0.0,0.0
ima (418),CG,0.0,0.0,0.0,0.0,1.0,0.0,0.0,0.0,0.0
ima (419),CG,0.0,0.0,0.0,0.0,1.0,0.0,0.0,0.0,0.0
ima (42),CG,0.0,0.0,0.0,0.0,1.0,0.0,0.0,0.0,0.0
ima (420),CG,0.0,0.0,0.0,0.0,1.0,0.0,0.0,0.0,0.0
ima (421),CG,0.0,0.0,0.0,0.0,1.0,0.0,0.0,0.0,0.0
ima (422),CG,0.0,0.0,0.0,0.0,1.0,0.0,0.0,0.0,0.0
ima (423),CG,0.0,0.0,0.0,0.0,1.0,0.0,0.0,0.0,0.0
ima (424),CG,0.0,0.0,0.0,0.0,1.0,0.0,0.0,0.0,0.0
ima (425),CG,0.0,0.0,0.0,0.0,1.0,0.0,0.0,0.0,0.0
ima (426),CG,0.0,0.0,0.0,0.0,1.0,0.0,0.0,0.0,0.0
ima (427),CG,0.0,0.0,0.0,0.0,1.0,0.0,0.0,0.0,0.0
ima (428),CG,0.0,0.0,0.0,0.0,1.0,0.0,0.0,0.0,0.0
ima (429),CG,0.0,0.0,0.0,0.0,1.0,0.0,0.0,0.0,0.0
ima (43),CG,0.0,0.0,0.0,0.0,1.0,0.0,0.0,0.0,0.0
ima (430),CG,0.0,0.0,0.0,0.0,1.0,0.0,0.0,0.0,0.0
ima (431),CG,0.0,0.0,0.0,0.0,1.0,0.0,0.0,0.0,0.0
ima (432),CG,0.0,0.0,0.0,0.0,1.0,0.0,0.0,0.0,0.0
ima (433),CG,0.0,0.0,0.0,0.0,1.0,0.0,0.0,0.0,0.0
ima (434),CG,0.0,0.0,0.0,0.0,1.0,0.0,0.0,0.0,0.0
ima (435),CG,0.0,0.0,0.0,0.0,1.0,0.0,0.0,0.0,0.0
ima (436),CG,0.0,0.0,0.0,0.0,1.0,0.0,0.0,0.0,0.0
ima (437),CG,0.0,0.0,0.0,0.0,1.0,0.0,0.0,0.0,0.0
ima (438),CG,0.0,0.0,0.0,0.0,1.0,0.0,0.0,0.0,0.0
ima (439),CG,0.0,0.0,0.0,0.0,1.0,0.0,0.0,0.0,0.0
ima (44),CG,0.0,0.0,0.0,0.0,1.0,0.0,0.0,0.0,0.0
ima (440),CG,0.0,0.0,0.0,0.0,1.0,0.0,0.0,0.0,0.0
ima (441),CG,0.0,0.0,0.0,0.0,1.0,0.0,0.0,0.0,0.0
ima (442),CG,0.0,0.0,0.0,0.0,1.0,0.0,0.0,0.0,0.0
ima (443),CG,0.0,0.0,0.0,0.0,1.0,0.0,0.0,0.0,0.0
ima (444),CG,0.0,0.0,0.0,0.0,1.0,0.0,0.0,0.0,0.0
ima (445),CG,0.0,0.0,0.0,0.0,1.0,0.0,0.0,0.0,0.0
ima (446),CG,0.0,0.0,0.0,0.0,1.0,0.0,0.0,0.0,0.0
ima (447),CG,0.0,0.0,0.0,0.0,1.0,0.0,0.0,0.0,0.0
ima (448),CG,0.0,0.0,0.0,0.0,1.0,0.0,0.0,0.0,0.0
ima (449),CG,0.0,0.0,0.0,0.0,1.0,0.0,0.0,0.0,0.0
ima (45),CG,0.0,0.0,0.0,0.0,1.0,0.0,0.0,0.0,0.0
ima (450),CG,0.0,0.0,0.0,0.0,1.0,0.0,0.0,0.0,0.0
ima (451),CG,0.0,0.0,0.0,0.0,1.0,0.0,0.0,0.0,0.0
ima (452),CG,0.0,0.0,0.0,0.0,1.0,1.47236e-17,0.0,0.0,0.0
ima (453),CG,0.0,0.0,0.0,0.0,1.0,0.0,0.0,0.0,0.0
ima (454),CG,0.0,0.0,0.0,0.0,1.0,0.0,0.0,0.0,0.0
ima (455),CG,0.0,0.0,0.0,0.0,1.0,0.0,0.0,0.0,0.0
ima (456),CG,0.0,0.0,0.0,0.0,1.0,0.0,0.0,0.0,0.0
ima (457),CG,0.0,0.0,0.0,0.0,1.0,0.0,0.0,0.0,0.0
ima (458),CG,0.0,0.0,0.0,0.0,1.0,0.0,0.0,0.0,0.0
ima (459),CG,0.0,0.0,0.0,0.0,1.0,0.0,0.0,0.0,0.0
ima (46),CG,0.0,0.0,0.0,0.0,1.0,0.0,0.0,0.0,0.0
ima (460),CG,0.0,0.0,0.0,0.0,1.0,0.0,0.0,0.0,0.0
ima (47),CG,0.0,0.0,0.0,0.0,1.0,0.0,0.0,0.0,0.0
ima (48),CG,0.0,0.0,0.0,0.0,1.0,0.0,0.0,0.0,0.0
ima (482),CG,0.0,0.0,0.0,0.0,1.0,0.0,0.0,0.0,0.0
ima (49),CG,0.0,0.0,0.0,0.0,1.0,0.0,0.0,0.0,0.0
ima (5),CG,0.0,0.0,0.0,0.0,1.0,0.0,0.0,0.0,0.0
ima (50),CG,0.0,0.0,0.0,0.0,1.0,0.0,0.0,0.0,0.0
ima (51),CG,0.0,0.0,0.0,0.0,1.0,0.0,0.0,0.0,0.0
ima (52),CG,0.0,0.0,0.0,0.0,1.0,0.0,0.0,0.0,0.0
ima (53),CG,0.0,0.0,0.0,0.0,1.0,0.0,0.0,0.0,0.0
ima (54),CG,0.0,0.0,0.0,0.0,1.0,0.0,0.0,0.0,0.0
ima (55),CG,0.0,0.0,0.0,0.0,1.0,0.0,0.0,0.0,0.0
ima (56),CG,0.0,0.0,0.0,0.0,1.0,0.0,0.0,0.0,0.0
ima (57),CG,0.0,0.0,0.0,0.0,1.0,0.0,0.0,0.0,0.0
ima (58),CG,0.0,0.0,0.0,0.0,1.0,0.0,0.0,0.0,0.0
ima (59),CG,0.0,0.0,0.0,0.0,1.0,0.0,0.0,0.0,0.0
ima (6),CG,0.0,0.0,0.0,0.0,1.0,0.0,0.0,0.0,0.0
ima (60),CG,0.0,0.0,0.0,0.0,1.0,0.0,0.0,0.0,0.0
ima (61),CG,0.0,0.0,0.0,0.0,1.0,0.0,0.0,0.0,0.0
ima (62),CG,0.0,0.0,0.0,0.0,1.0,0.0,0.0,0.0,0.0
ima (63),CG,0.0,0.0,0.0,0.0,1.0,0.0,0.0,0.0,0.0
ima (64),CG,0.0,0.0,0.0,0.0,1.0,0.0,0.0,0.0,0.0
ima (65),CG,0.0,0.0,0.0,0.0,1.0,0.0,0.0,0.0,0.0
ima (66),CG,0.0,0.0,0.0,0.0,1.0,0.0,0.0,0.0,0.0
ima (67),CG,0.0,0.0,0.0,0.0,1.0,0.0,0.0,0.0,0.0
ima (68),CG,0.0,0.0,0.0,0.0,1.0,0.0,0.0,0.0,0.0
ima (69),CG,0.0,0.0,0.0,0.0,1.0,0.0,0.0,0.0,0.0
ima (70),CG,0.0,0.0,0.0,0.0,1.0,0.0,0.0,0.0,0.0
ima (71),CG,0.0,0.0,0.0,0.0,1.0,0.0,0.0,0.0,0.0
ima (72),CG,0.0,0.0,0.0,0.0,1.0,0.0,0.0,0.0,0.0
ima (73),CG,0.0,0.0,0.0,0.0,1.0,0.0,0.0,0.0,0.0
ima (74),CG,0.0,0.0,0.0,0.0,1.0,0.0,0.0,0.0,0.0
ima (75),CG,0.0,0.0,0.0,0.0,1.0,0.0,0.0,0.0,0.0
ima (76),CG,0.0,0.0,0.0,0.0,1.0,0.0,0.0,0.0,0.0
ima (77),CG,0.0,0.0,0.0,0.0,1.0,0.0,0.0,0.0,0.0
ima (78),CG,0.0,0.0,0.0,0.0,1.0,0.0,0.0,0.0,0.0
ima (79),CG,0.0,0.0,0.0,0.0,1.0,0.0,0.0,0.0,0.0
ima (8),CG,0.0,0.0,0.0,0.0,1.0,0.0,0.0,0.0,0.0
ima (80),CG,0.0,0.0,0.0,0.0,1.0,0.0,0.0,0.0,0.0
ima (81),CG,0.0,0.0,0.0,0.0,1.0,0.0,0.0,0.0,0.0
ima (82),CG,0.0,0.0,0.0,0.0,1.0,0.0,0.0,0.0,0.0
ima (83),CG,0.0,0.0,0.0,0.0,1.0,0.0,0.0,0.0,0.0
ima (84),CG,0.0,0.0,0.0,0.0,1.0,0.0,0.0,0.0,0.0
ima (85),CG,0.0,0.0,0.0,0.0,1.0,0.0,0.0,0.0,0.0
ima (86),CG,0.0,0.0,0.0,0.0,1.0,0.0,0.0,0.0,0.0
ima (87),CG,0.0,0.0,0.0,0.0,1.0,0.0,0.0,0.0,0.0
ima (88),CG,0.0,0.0,0.0,0.0,1.0,0.0,0.0,0.0,0.0
ima (89),CG,0.0,0.0,0.0,0.0,1.0,0.0,0.0,0.0,0.0
ima (9),CG,0.0,0.0,0.0,0.0,1.0,0.0,0.0,0.0,0.0
ima (90),CG,0.0,0.0,0.0,0.0,1.0,0.0,0.0,0.0,0.0
ima (91),CG,0.0,0.0,0.0,0.0,1.0,0.0,0.0,0.0,0.0
ima (92),CG,0.0,0.0,0.0,0.0,1.0,0.0,0.0,0.0,0.0
ima (93),CG,0.0,0.0,0.0,0.0,1.0,0.0,0.0,0.0,0.0
ima (94),CG,0.0,0.0,0.0,0.0,1.0,0.0,0.0,0.0,0.0
ima (95),CG,0.0,0.0,0.0,0.0,1.0,0.0,0.0,0.0,0.0
ima (96),CG,0.0,0.0,0.0,0.0,1.0,0.0,0.0,0.0,0.0
ima (97),CG,0.0,0.0,0.0,0.0,1.0,0.0,0.0,0.0,0.0
ima (98),CG,0.0,0.0,0.0,0.0,1.0,0.0,0.0,0.0,0.0
ima (99),CG,0.0,0.0,0.0,0.0,1.0,0.0,0.0,0.0,0.0
yugvluh,CG,0.0,0.0,0.0,0.0,1.0,0.0,0.0,0.0,0.0
